latitude,longitude,ALLSKY_SFC_SW_DWN_JAN,ALLSKY_SFC_SW_DWN_FEB,ALLSKY_SFC_SW_DWN_MAR,ALLSKY_SFC_SW_DWN_APR,ALLSKY_SFC_SW_DWN_MAY,ALLSKY_SFC_SW_DWN_JUN,ALLSKY_SFC_SW_DWN_JUL,ALLSKY_SFC_SW_DWN_AUG,ALLSKY_SFC_SW_DWN_SEP,ALLSKY_SFC_SW_DWN_OCT,ALLSKY_SFC_SW_DWN_NOV,ALLSKY_SFC_SW_DWN_DEC,ALLSKY_SFC_SW_DWN_ANN,RH2M_JAN,RH2M_FEB,RH2M_MAR,RH2M_APR,RH2M_MAY,RH2M_JUN,RH2M_JUL,RH2M_AUG,RH2M_SEP,RH2M_OCT,RH2M_NOV,RH2M_DEC,RH2M_ANN,T2M_JAN,T2M_FEB,T2M_MAR,T2M_APR,T2M_MAY,T2M_JUN,T2M_JUL,T2M_AUG,T2M_SEP,T2M_OCT,T2M_NOV,T2M_DEC,T2M_ANN,WS2M_JAN,WS2M_FEB,WS2M_MAR,WS2M_APR,WS2M_MAY,WS2M_JUN,WS2M_JUL,WS2M_AUG,WS2M_SEP,WS2M_OCT,WS2M_NOV,WS2M_DEC,WS2M_ANN
22.0,25.0,5.1413,5.987,6.9679,7.6558,7.9409,8.1559,8.1149,7.7208,7.1794,6.2352,5.3686,4.854,6.7795,38.16,28.43,20.32,15.89,15.17,15.71,17.78,19.21,20.84,25.96,33.37,40.67,24.3,11.92,14.93,19.41,24.48,28.33,30.46,30.65,31.1,28.46,24.05,17.79,13.23,22.93,2.59,2.76,2.87,2.94,2.98,3.13,3.0,2.96,3.14,2.86,2.42,2.51,2.85
22.0,25.5,5.1413,5.987,6.9679,7.6558,7.9409,8.1559,8.1149,7.7208,7.1794,6.2352,5.3686,4.854,6.7795,40.61,30.34,21.69,16.85,16.01,16.49,18.36,19.78,21.99,27.69,36.35,43.83,25.83,11.06,14.02,18.49,23.5,27.38,29.62,30.05,30.54,27.71,23.22,16.84,12.33,22.1,2.64,2.75,2.83,2.89,2.93,3.06,2.87,2.84,3.09,2.88,2.48,2.59,2.82
22.0,26.0,5.1223,5.9647,6.8962,7.5991,7.9027,8.1403,8.106,7.7124,7.141,6.2028,5.34,4.8322,6.7493,41.18,30.84,22.15,17.14,16.24,16.65,18.31,19.69,22.39,28.46,37.55,44.82,26.28,11.26,14.19,18.6,23.57,27.51,29.84,30.49,30.96,27.95,23.41,17.03,12.53,22.31,2.48,2.56,2.7,2.75,2.81,2.97,2.71,2.7,3.09,2.95,2.48,2.5,2.73
22.0,26.5,5.1223,5.9647,6.8962,7.5991,7.9027,8.1403,8.106,7.7124,7.141,6.2028,5.34,4.8322,6.7493,41.18,30.84,22.15,17.14,16.24,16.65,18.31,19.69,22.39,28.46,37.55,44.82,26.28,11.26,14.19,18.6,23.57,27.51,29.84,30.49,30.96,27.95,23.41,17.03,12.53,22.31,2.48,2.56,2.7,2.75,2.81,2.97,2.71,2.7,3.09,2.95,2.48,2.5,2.73
22.0,27.0,5.0724,5.9251,6.8633,7.5895,7.8708,8.1022,8.0494,7.6366,7.0481,6.1272,5.2836,4.7911,6.6991,41.12,30.97,22.35,17.3,16.31,16.72,18.36,19.7,22.58,28.68,37.91,44.92,26.41,11.65,14.48,18.84,23.77,27.78,30.17,30.89,31.36,28.3,23.79,17.42,12.92,22.65,2.57,2.62,2.82,2.86,2.95,3.14,2.81,2.85,3.39,3.28,2.73,2.67,2.89
22.0,27.5,5.0724,5.9251,6.8633,7.5895,7.8708,8.1022,8.0494,7.6366,7.0481,6.1272,5.2836,4.7911,6.6991,40.58,30.54,22.11,17.04,16.0,16.39,18.05,19.3,22.16,28.08,37.39,44.36,26.0,12.26,15.08,19.46,24.38,28.45,30.89,31.65,32.11,29.04,24.58,18.13,13.56,23.34,2.63,2.7,2.92,2.97,3.08,3.3,2.94,3.04,3.62,3.5,2.91,2.78,3.04
22.0,28.0,5.0525,5.9023,6.8686,7.5914,7.8802,8.0933,8.0323,7.6116,7.0162,6.0984,5.1917,4.7419,6.6758,40.47,30.39,21.95,16.87,15.83,16.17,17.92,19.13,21.89,27.64,37.1,44.15,25.79,12.5,15.34,19.75,24.69,28.78,31.21,31.96,32.45,29.39,25.01,18.46,13.83,23.65,2.71,2.8,3.03,3.1,3.23,3.46,3.09,3.25,3.83,3.67,3.04,2.87,3.17
22.0,28.5,5.0525,5.9023,6.8686,7.5914,7.8802,8.0933,8.0323,7.6116,7.0162,6.0984,5.1917,4.7419,6.6758,40.19,30.09,21.64,16.58,15.58,15.94,17.76,18.93,21.51,27.06,36.56,43.54,25.45,12.73,15.59,20.05,24.99,29.08,31.48,32.18,32.72,29.72,25.44,18.78,14.11,23.94,2.8,2.91,3.12,3.22,3.36,3.59,3.19,3.4,3.95,3.73,3.1,2.94,3.28
22.0,29.0,5.0513,5.8718,6.8626,7.5521,7.8506,8.093,7.968,7.5048,6.9504,6.067,5.2236,4.7484,6.6478,40.19,30.09,21.64,16.58,15.58,15.94,17.76,18.93,21.51,27.06,36.56,43.54,25.45,12.73,15.59,20.05,24.99,29.08,31.48,32.18,32.72,29.72,25.44,18.78,14.11,23.94,2.8,2.91,3.12,3.22,3.36,3.59,3.19,3.4,3.95,3.73,3.1,2.94,3.28
22.0,29.5,5.0513,5.8718,6.8626,7.5521,7.8506,8.093,7.968,7.5048,6.9504,6.067,5.2236,4.7484,6.6478,39.2,29.22,21.01,16.12,15.16,15.52,17.36,18.51,20.88,26.17,35.48,42.24,24.74,13.25,16.17,20.59,25.54,29.59,31.93,32.58,33.17,30.26,26.1,19.38,14.67,24.47,2.85,2.99,3.17,3.29,3.42,3.62,3.21,3.44,3.96,3.73,3.1,2.95,3.31
22.0,30.0,5.0556,5.8807,6.8959,7.5991,7.909,8.0858,7.9442,7.483,6.954,6.0466,5.2349,4.7628,6.6569,38.45,28.65,20.62,15.89,14.94,15.25,17.04,18.31,20.5,25.65,34.8,41.32,24.28,13.64,16.56,20.93,25.81,29.85,32.13,32.78,33.36,30.54,26.49,19.78,15.07,24.78,2.98,3.14,3.32,3.44,3.56,3.71,3.3,3.55,4.05,3.79,3.2,3.07,3.42
22.0,30.5,5.0556,5.8807,6.8959,7.5991,7.909,8.0858,7.9442,7.483,6.954,6.0466,5.2349,4.7628,6.6569,38.6,29.0,20.92,16.2,15.18,15.36,17.14,18.5,20.55,25.7,34.95,41.41,24.46,13.76,16.64,20.92,25.78,29.86,32.06,32.69,33.28,30.59,26.67,19.96,15.23,24.82,3.08,3.23,3.4,3.48,3.62,3.76,3.37,3.65,4.13,3.81,3.27,3.15,3.49
22.0,31.0,5.0599,5.8966,6.9362,7.65,7.8974,8.0455,7.854,7.3987,6.8722,6.0173,5.2435,4.7808,6.6398,39.71,30.96,23.34,18.83,17.6,17.61,19.41,20.6,22.31,27.01,35.97,42.05,26.28,15.0,17.82,21.99,26.76,30.82,32.91,33.5,34.09,31.56,27.92,21.3,16.55,25.89,3.16,3.34,3.48,3.56,3.67,3.83,3.44,3.74,4.14,3.77,3.29,3.2,3.55
22.0,31.5,5.0599,5.8966,6.9362,7.65,7.8974,8.0455,7.854,7.3987,6.8722,6.0173,5.2435,4.7808,6.6398,39.71,30.96,23.34,18.83,17.6,17.61,19.41,20.6,22.31,27.01,35.97,42.05,26.28,15.0,17.82,21.99,26.76,30.82,32.91,33.5,34.09,31.56,27.92,21.3,16.55,25.89,3.16,3.34,3.48,3.56,3.67,3.83,3.44,3.74,4.14,3.77,3.29,3.2,3.55
22.0,32.0,5.0647,5.8822,6.917,7.6126,7.8581,8.0066,7.805,7.3392,6.8244,5.987,5.2219,4.7683,6.6094,40.11,30.83,22.8,18.03,16.69,16.79,19.19,20.21,21.58,26.31,35.98,42.39,25.9,15.04,17.86,21.91,26.65,30.7,32.71,33.18,33.85,31.55,28.07,21.42,16.64,25.83,2.95,3.18,3.28,3.37,3.46,3.58,3.26,3.53,3.74,3.35,2.98,2.95,3.3
22.0,32.5,5.0647,5.8822,6.917,7.6126,7.8581,8.0066,7.805,7.3392,6.8244,5.987,5.2219,4.7683,6.6094,40.38,31.13,22.56,17.67,15.99,15.59,17.93,19.11,20.28,25.95,35.97,42.5,25.41,15.05,17.79,21.75,26.41,30.52,32.62,33.13,33.78,31.67,28.16,21.52,16.71,25.8,2.94,3.13,3.22,3.26,3.33,3.55,3.42,3.59,3.62,3.14,2.9,2.89,3.25
22.0,33.0,5.0326,5.8586,6.9096,7.6003,7.7897,7.991,7.7846,7.3006,6.7858,5.9767,5.2022,4.7299,6.5822,40.22,31.57,22.66,17.5,15.29,14.64,17.11,18.29,19.21,25.82,35.62,41.7,24.96,16.18,18.85,22.74,27.39,31.56,33.72,34.29,34.91,32.93,29.49,22.85,17.98,26.94,2.99,3.17,3.25,3.28,3.35,3.65,3.61,3.8,3.72,3.16,3.0,2.99,3.33
22.0,33.5,5.0326,5.8586,6.9096,7.6003,7.7897,7.991,7.7846,7.3006,6.7858,5.9767,5.2022,4.7299,6.5822,41.21,33.31,23.62,18.32,15.29,13.65,16.19,17.26,18.67,27.86,37.79,43.04,25.5,16.95,19.57,23.3,27.8,31.89,33.97,34.41,35.12,33.41,30.09,23.66,18.87,27.45,3.01,3.24,3.28,3.3,3.31,3.52,3.59,3.64,3.42,3.16,2.98,2.99,3.29
22.0,34.0,4.9793,5.8046,6.8623,7.5466,7.7321,7.981,7.7431,7.2322,6.7591,5.9354,5.1475,4.6798,6.5357,41.21,33.31,23.62,18.32,15.29,13.65,16.19,17.26,18.67,27.86,37.79,43.04,25.5,16.95,19.57,23.3,27.8,31.89,33.97,34.41,35.12,33.41,30.09,23.66,18.87,27.45,3.01,3.24,3.28,3.3,3.31,3.52,3.59,3.64,3.42,3.16,2.98,2.99,3.29
22.0,34.5,4.9793,5.8046,6.8623,7.5466,7.7321,7.981,7.7431,7.2322,6.7591,5.9354,5.1475,4.6798,6.5357,44.49,37.04,26.68,20.53,16.68,13.76,15.74,17.27,19.75,31.51,42.74,46.82,27.72,17.31,19.88,23.51,27.9,31.99,34.14,34.64,35.37,33.7,30.21,24.03,19.29,27.7,2.88,3.1,3.16,3.21,3.18,3.31,3.42,3.33,3.12,3.11,2.86,2.86,3.13
22.0,35.0,4.6666,5.5313,6.6499,7.3548,7.5638,7.8084,7.5226,7.0212,6.5779,5.7641,4.8086,4.2946,6.299,49.97,42.21,31.5,24.32,19.32,15.34,16.95,19.37,22.65,36.76,50.53,52.92,31.78,16.67,19.04,22.43,26.59,30.64,32.96,33.58,34.15,32.4,28.61,22.96,18.62,26.59,3.09,3.29,3.31,3.33,3.24,3.21,3.22,3.03,3.09,3.34,2.97,3.02,3.18
22.5,25.0,5.1413,5.987,6.9679,7.6558,7.9409,8.1559,8.1149,7.7208,7.1794,6.2352,5.3686,4.854,6.7795,39.85,29.87,21.45,16.7,15.94,16.57,18.88,20.24,22.19,27.64,34.97,42.36,25.56,11.39,14.35,18.83,23.92,27.79,29.89,29.94,30.33,27.8,23.42,17.29,12.74,22.34,2.65,2.85,2.98,3.05,3.1,3.24,3.06,3.01,3.19,2.91,2.47,2.56,2.92
22.5,25.5,5.1413,5.987,6.9679,7.6558,7.9409,8.1559,8.1149,7.7208,7.1794,6.2352,5.3686,4.854,6.7795,42.13,31.7,22.72,17.63,16.68,17.3,19.48,20.86,23.28,29.07,37.47,45.12,26.95,10.49,13.38,17.86,22.88,26.8,28.99,29.21,29.62,26.97,22.59,16.4,11.86,21.45,2.64,2.79,2.86,2.93,2.97,3.14,2.99,2.91,3.1,2.84,2.41,2.54,2.84
22.5,26.0,5.1223,5.9647,6.8962,7.5991,7.9027,8.1403,8.106,7.7124,7.141,6.2028,5.34,4.8322,6.7493,41.68,31.47,22.71,17.63,16.6,17.09,18.81,20.17,22.98,29.09,38.01,45.21,26.78,11.01,13.86,18.24,23.16,27.18,29.52,30.09,30.49,27.62,23.12,16.82,12.33,21.99,2.61,2.68,2.82,2.89,2.98,3.21,3.0,2.94,3.29,3.11,2.61,2.66,2.9
22.5,26.5,5.1223,5.9647,6.8962,7.5991,7.9027,8.1403,8.106,7.7124,7.141,6.2028,5.34,4.8322,6.7493,41.68,31.47,22.71,17.63,16.6,17.09,18.81,20.17,22.98,29.09,38.01,45.21,26.78,11.01,13.86,18.24,23.16,27.18,29.52,30.09,30.49,27.62,23.12,16.82,12.33,21.99,2.61,2.68,2.82,2.89,2.98,3.21,3.0,2.94,3.29,3.11,2.61,2.66,2.9
22.5,27.0,5.0724,5.9251,6.8633,7.5895,7.8708,8.1022,8.0494,7.6366,7.0481,6.1272,5.2836,4.7911,6.6991,41.82,31.72,22.99,17.77,16.65,17.1,18.71,20.02,23.14,29.4,38.58,45.65,26.96,11.57,14.35,18.7,23.62,27.72,30.15,30.85,31.26,28.24,23.71,17.39,12.87,22.57,2.47,2.53,2.75,2.8,2.9,3.15,2.92,2.89,3.33,3.2,2.65,2.58,2.85
22.5,27.5,5.0724,5.9251,6.8633,7.5895,7.8708,8.1022,8.0494,7.6366,7.0481,6.1272,5.2836,4.7911,6.6991,41.16,31.24,22.72,17.48,16.31,16.68,18.33,19.56,22.67,28.67,37.99,44.96,26.48,12.22,14.98,19.31,24.24,28.41,30.91,31.64,32.06,29.03,24.54,18.14,13.56,23.29,2.64,2.7,2.94,3.0,3.13,3.41,3.15,3.2,3.68,3.54,2.93,2.79,3.09
22.5,28.0,5.0525,5.9023,6.8686,7.5914,7.8802,8.0933,8.0323,7.6116,7.0162,6.0984,5.1917,4.7419,6.6758,41.14,31.19,22.65,17.38,16.2,16.55,18.27,19.48,22.56,28.38,37.85,44.85,26.37,12.47,15.23,19.6,24.53,28.71,31.19,31.91,32.34,29.31,24.91,18.45,13.82,23.57,2.74,2.81,3.06,3.13,3.28,3.57,3.29,3.4,3.88,3.72,3.09,2.92,3.24
22.5,28.5,5.0525,5.9023,6.8686,7.5914,7.8802,8.0933,8.0323,7.6116,7.0162,6.0984,5.1917,4.7419,6.6758,40.61,30.69,22.18,16.95,15.82,16.2,17.96,19.15,22.03,27.63,37.05,43.94,25.85,12.81,15.6,20.03,24.99,29.15,31.6,32.26,32.73,29.76,25.46,18.89,14.2,23.99,2.75,2.85,3.08,3.18,3.34,3.64,3.33,3.48,3.93,3.68,3.07,2.9,3.27
22.5,29.0,5.0513,5.8718,6.8626,7.5521,7.8506,8.093,7.968,7.5048,6.9504,6.067,5.2236,4.7484,6.6478,40.61,30.69,22.18,16.95,15.82,16.2,17.96,19.15,22.03,27.63,37.05,43.94,25.85,12.81,15.6,20.03,24.99,29.15,31.6,32.26,32.73,29.76,25.46,18.89,14.2,23.99,2.75,2.85,3.08,3.18,3.34,3.64,3.33,3.48,3.93,3.68,3.07,2.9,3.27
22.5,29.5,5.0513,5.8718,6.8626,7.5521,7.8506,8.093,7.968,7.5048,6.9504,6.067,5.2236,4.7484,6.6478,39.79,29.94,21.62,16.54,15.44,15.8,17.52,18.71,21.42,26.78,36.06,42.73,25.19,13.27,16.09,20.53,25.47,29.61,32.04,32.7,33.19,30.28,26.09,19.44,14.71,24.49,2.78,2.9,3.1,3.21,3.36,3.63,3.31,3.49,3.91,3.64,3.05,2.9,3.27
22.5,30.0,5.0556,5.8807,6.8959,7.5991,7.909,8.0858,7.9442,7.483,6.954,6.0466,5.2349,4.7628,6.6569,38.63,29.03,20.95,16.11,15.02,15.34,16.98,18.23,20.78,25.92,34.94,41.38,24.44,13.89,16.74,21.16,26.07,30.19,32.6,33.27,33.74,30.89,26.8,20.12,15.35,25.1,2.79,2.93,3.14,3.27,3.42,3.66,3.33,3.54,3.92,3.63,3.04,2.89,3.3
22.5,30.5,5.0556,5.8807,6.8959,7.5991,7.909,8.0858,7.9442,7.483,6.954,6.0466,5.2349,4.7628,6.6569,38.58,29.08,21.03,16.19,15.06,15.36,17.04,18.33,20.78,25.85,34.91,41.23,24.45,14.05,16.9,21.25,26.14,30.3,32.58,33.23,33.72,30.96,27.03,20.34,15.55,25.21,2.76,2.93,3.15,3.26,3.41,3.64,3.3,3.55,3.9,3.55,2.99,2.84,3.27
22.5,31.0,5.0599,5.8966,6.9362,7.65,7.8974,8.0455,7.854,7.3987,6.8722,6.0173,5.2435,4.7808,6.6398,38.39,29.43,21.49,16.83,15.59,15.65,17.47,18.66,20.69,25.52,34.48,40.69,24.57,14.64,17.45,21.71,26.56,30.72,32.91,33.46,33.99,31.46,27.75,21.06,16.25,25.7,2.84,3.04,3.22,3.3,3.44,3.68,3.37,3.64,3.92,3.48,2.99,2.88,3.32
22.5,31.5,5.0599,5.8966,6.9362,7.65,7.8974,8.0455,7.854,7.3987,6.8722,6.0173,5.2435,4.7808,6.6398,38.39,29.43,21.49,16.83,15.59,15.65,17.47,18.66,20.69,25.52,34.48,40.69,24.57,14.64,17.45,21.71,26.56,30.72,32.91,33.46,33.99,31.46,27.75,21.06,16.25,25.7,2.84,3.04,3.22,3.3,3.44,3.68,3.37,3.64,3.92,3.48,2.99,2.88,3.32
22.5,32.0,5.0647,5.8822,6.917,7.6126,7.8581,8.0066,7.805,7.3392,6.8244,5.987,5.2219,4.7683,6.6094,40.56,32.43,24.88,20.41,19.02,18.93,20.81,21.84,23.51,28.07,36.72,42.59,27.47,15.82,18.51,22.63,27.3,31.35,33.47,34.04,34.52,32.17,28.73,22.22,17.44,26.55,3.08,3.3,3.42,3.5,3.59,3.8,3.54,3.78,3.92,3.5,3.16,3.09,3.47
22.5,32.5,5.0647,5.8822,6.917,7.6126,7.8581,8.0066,7.805,7.3392,6.8244,5.987,5.2219,4.7683,6.6094,41.36,32.57,24.26,19.3,17.46,17.04,18.96,20.08,21.74,27.24,36.9,43.3,26.67,15.62,18.33,22.38,27.06,31.21,33.38,33.99,34.5,32.26,28.78,22.15,17.3,26.45,2.91,3.1,3.22,3.29,3.38,3.61,3.47,3.65,3.65,3.19,2.94,2.9,3.28
22.5,33.0,5.0326,5.8586,6.9096,7.6003,7.7897,7.991,7.7846,7.3006,6.7858,5.9767,5.2022,4.7299,6.5822,40.85,32.1,23.26,17.82,15.65,15.29,17.96,18.82,19.9,26.18,36.02,42.13,25.49,16.17,18.81,22.75,27.42,31.6,33.75,34.26,34.85,32.82,29.45,22.83,17.95,26.92,2.82,3.02,3.15,3.2,3.29,3.57,3.54,3.72,3.57,3.0,2.83,2.81,3.21
22.5,33.5,5.0326,5.8586,6.9096,7.6003,7.7897,7.991,7.7846,7.3006,6.7858,5.9767,5.2022,4.7299,6.5822,40.8,32.6,23.21,17.85,14.87,13.33,15.91,16.69,18.26,27.63,37.21,42.18,25.02,17.05,19.63,23.43,27.96,32.14,34.34,34.74,35.41,33.62,30.16,23.75,18.96,27.63,3.03,3.26,3.3,3.32,3.36,3.6,3.64,3.7,3.46,3.16,3.0,3.03,3.32
22.5,34.0,4.9793,5.8046,6.8623,7.5466,7.7321,7.981,7.7431,7.2322,6.7591,5.9354,5.1475,4.6798,6.5357,40.8,32.6,23.21,17.85,14.87,13.33,15.91,16.69,18.26,27.63,37.21,42.18,25.02,17.05,19.63,23.43,27.96,32.14,34.34,34.74,35.41,33.62,30.16,23.75,18.96,27.63,3.03,3.26,3.3,3.32,3.36,3.6,3.64,3.7,3.46,3.16,3.0,3.03,3.32
22.5,34.5,4.9793,5.8046,6.8623,7.5466,7.7321,7.981,7.7431,7.2322,6.7591,5.9354,5.1475,4.6798,6.5357,45.54,37.58,26.86,20.69,16.67,13.84,15.99,17.25,19.87,33.01,43.64,47.48,28.17,16.57,19.06,22.77,27.15,31.35,33.71,34.24,34.91,33.11,29.27,23.16,18.51,27.02,3.12,3.32,3.31,3.32,3.3,3.41,3.51,3.44,3.26,3.25,2.99,3.09,3.28
22.5,35.0,4.6666,5.5313,6.6499,7.3548,7.5638,7.8084,7.5226,7.0212,6.5779,5.7641,4.8086,4.2946,6.299,53.17,46.08,35.21,27.48,21.64,17.0,18.37,20.74,25.22,42.5,54.42,55.52,34.74,15.97,18.22,21.72,25.83,29.98,32.56,33.45,33.84,31.78,27.75,22.24,17.9,25.97,2.85,2.97,3.0,2.99,2.92,2.88,2.97,2.81,2.81,3.01,2.68,2.76,2.89
23.0,25.0,4.8878,5.7499,6.7433,7.4719,7.8766,8.1562,8.0712,7.7026,7.1083,6.0965,5.1286,4.6106,6.6367,41.71,31.49,22.71,17.57,16.71,17.32,19.68,21.06,23.37,29.38,37.0,44.57,26.88,11.03,13.94,18.44,23.59,27.5,29.68,29.76,30.06,27.53,23.06,16.94,12.37,22.02,2.39,2.61,2.79,2.88,2.93,3.06,2.91,2.83,2.95,2.68,2.24,2.26,2.71
23.0,25.5,4.8878,5.7499,6.7433,7.4719,7.8766,8.1562,8.0712,7.7026,7.1083,6.0965,5.1286,4.6106,6.6367,41.34,31.2,22.57,17.49,16.58,17.29,19.57,20.93,23.35,29.14,36.92,44.21,26.72,11.05,13.93,18.35,23.4,27.33,29.46,29.57,29.9,27.39,23.05,16.98,12.45,21.94,2.63,2.83,2.97,3.1,3.19,3.34,3.15,3.07,3.28,3.03,2.52,2.57,2.97
23.0,26.0,5.0023,5.8865,6.8803,7.5996,7.9286,8.2126,8.1329,7.7482,7.1549,6.1682,5.2368,4.7167,6.725,42.8,32.57,23.74,18.44,17.36,17.95,19.87,21.25,24.31,30.6,39.31,46.38,27.88,10.54,13.34,17.63,22.51,26.51,28.78,29.24,29.6,26.8,22.38,16.28,11.85,21.32,2.77,2.85,3.0,3.07,3.18,3.44,3.27,3.17,3.46,3.23,2.72,2.8,3.08
23.0,26.5,5.0023,5.8865,6.8803,7.5996,7.9286,8.2126,8.1329,7.7482,7.1549,6.1682,5.2368,4.7167,6.725,42.8,32.57,23.74,18.44,17.36,17.95,19.87,21.25,24.31,30.6,39.31,46.38,27.88,10.54,13.34,17.63,22.51,26.51,28.78,29.24,29.6,26.8,22.38,16.28,11.85,21.32,2.77,2.85,3.0,3.07,3.18,3.44,3.27,3.17,3.46,3.23,2.72,2.8,3.08
23.0,27.0,4.9248,5.8253,6.7757,7.5295,7.8919,8.1926,8.105,7.7081,7.0778,6.0847,5.161,4.651,6.6634,41.58,31.76,23.16,17.94,16.72,17.15,18.85,20.12,23.34,29.52,38.42,45.32,26.99,11.79,14.52,18.82,23.71,27.89,30.35,30.99,31.36,28.4,23.89,17.63,13.11,22.74,2.68,2.76,2.99,3.07,3.2,3.52,3.38,3.32,3.66,3.5,2.89,2.82,3.15
23.0,27.5,4.9248,5.8253,6.7757,7.5295,7.8919,8.1926,8.105,7.7081,7.0778,6.0847,5.161,4.651,6.6634,41.99,32.13,23.51,18.12,16.79,17.19,18.88,20.12,23.5,29.64,38.92,45.83,27.21,12.02,14.71,18.98,23.89,28.12,30.64,31.34,31.7,28.7,24.21,17.93,13.37,23.0,2.84,2.9,3.16,3.22,3.37,3.7,3.53,3.54,3.91,3.77,3.15,3.02,3.35
23.0,28.0,4.9123,5.8056,6.7514,7.5326,7.8888,8.1742,8.0846,7.6757,7.0174,6.0528,5.1118,4.6154,6.6379,41.82,31.94,23.34,17.92,16.56,16.95,18.67,19.9,23.23,29.13,38.51,45.5,26.95,12.42,15.12,19.44,24.36,28.63,31.14,31.82,32.2,29.21,24.81,18.44,13.8,23.48,2.82,2.86,3.13,3.21,3.37,3.72,3.54,3.59,3.96,3.79,3.18,3.0,3.35
23.0,28.5,4.9123,5.8056,6.7514,7.5326,7.8888,8.1742,8.0846,7.6757,7.0174,6.0528,5.1118,4.6154,6.6379,41.07,31.28,22.75,17.38,16.09,16.49,18.2,19.46,22.56,28.17,37.46,44.34,26.26,12.85,15.59,19.97,24.92,29.18,31.67,32.3,32.69,29.76,25.47,18.99,14.26,24.01,2.8,2.89,3.14,3.24,3.42,3.77,3.55,3.64,4.0,3.75,3.15,2.97,3.36
23.0,29.0,4.8756,5.7562,6.7802,7.523,7.8576,8.1276,8.0059,7.5754,6.9396,5.9861,5.0885,4.583,6.5942,41.07,31.28,22.75,17.38,16.09,16.49,18.2,19.46,22.56,28.17,37.46,44.34,26.26,12.85,15.59,19.97,24.92,29.18,31.67,32.3,32.69,29.76,25.47,18.99,14.26,24.01,2.8,2.89,3.14,3.24,3.42,3.77,3.55,3.64,4.0,3.75,3.15,2.97,3.36
23.0,29.5,4.8756,5.7562,6.7802,7.523,7.8576,8.1276,8.0059,7.5754,6.9396,5.9861,5.0885,4.583,6.5942,40.35,30.63,22.27,17.02,15.77,16.15,17.79,19.05,22.04,27.43,36.63,43.2,25.69,13.26,16.01,20.41,25.34,29.55,32.05,32.69,33.1,30.21,26.01,19.47,14.72,24.44,2.83,2.94,3.16,3.28,3.44,3.76,3.5,3.65,3.99,3.7,3.13,2.97,3.37
23.0,30.0,4.8535,5.7233,6.7687,7.5394,7.8749,8.0926,7.9562,7.5324,6.9298,5.933,5.064,4.5682,6.5724,39.32,29.74,21.65,16.58,15.36,15.71,17.24,18.51,21.42,26.62,35.61,42.0,24.98,13.85,16.63,21.02,25.92,30.13,32.62,33.31,33.7,30.83,26.71,20.12,15.34,25.05,2.87,2.99,3.22,3.36,3.52,3.83,3.54,3.72,4.06,3.75,3.16,3.0,3.42
23.0,30.5,4.8535,5.7233,6.7687,7.5394,7.8749,8.0926,7.9562,7.5324,6.9298,5.933,5.064,4.5682,6.5724,38.67,29.29,21.33,16.36,15.16,15.56,17.17,18.48,21.25,26.24,35.02,41.24,24.64,14.26,17.05,21.37,26.28,30.49,32.82,33.48,33.86,31.09,27.17,20.57,15.77,25.39,2.81,2.97,3.22,3.35,3.52,3.81,3.49,3.72,4.04,3.68,3.09,2.91,3.38
23.0,31.0,4.9222,5.7912,6.8472,7.6051,7.9229,8.1444,7.9704,7.531,6.9283,5.9616,5.1276,4.6426,6.6187,37.13,28.34,20.57,15.87,14.67,14.98,16.85,18.05,20.28,24.82,33.39,39.36,23.69,15.06,17.79,22.05,26.9,31.11,33.36,33.91,34.31,31.78,28.1,21.51,16.68,26.08,2.83,3.04,3.25,3.36,3.52,3.83,3.54,3.81,4.02,3.53,3.04,2.89,3.39
23.0,31.5,4.9222,5.7912,6.8472,7.6051,7.9229,8.1444,7.9704,7.531,6.9283,5.9616,5.1276,4.6426,6.6187,37.13,28.34,20.57,15.87,14.67,14.98,16.85,18.05,20.28,24.82,33.39,39.36,23.69,15.06,17.79,22.05,26.9,31.11,33.36,33.91,34.31,31.78,28.1,21.51,16.68,26.08,2.83,3.04,3.25,3.36,3.52,3.83,3.54,3.81,4.02,3.53,3.04,2.89,3.39
23.0,32.0,4.8984,5.7631,6.8155,7.5422,7.8713,8.0856,7.9027,7.4633,6.8748,5.9057,5.0878,4.6082,6.5707,38.55,30.0,21.86,17.1,15.67,15.65,17.67,18.79,20.69,25.49,34.51,40.66,24.71,14.98,17.65,21.85,26.63,30.82,33.08,33.59,34.04,31.7,28.1,21.5,16.66,25.92,3.04,3.23,3.36,3.45,3.58,3.88,3.59,3.86,3.97,3.48,3.17,3.08,3.47
23.0,32.5,4.8984,5.7631,6.8155,7.5422,7.8713,8.0856,7.9027,7.4633,6.8748,5.9057,5.0878,4.6082,6.5707,42.68,34.33,25.87,20.74,18.75,18.28,20.12,21.2,23.12,28.7,38.21,44.61,28.04,15.31,17.94,22.08,26.76,30.95,33.25,33.84,34.29,32.02,28.45,21.86,17.01,26.18,3.05,3.19,3.33,3.39,3.49,3.79,3.6,3.83,3.83,3.31,3.1,3.06,3.42
23.0,33.0,4.8696,5.736,6.809,7.536,7.8588,8.0846,7.8749,7.4002,6.8249,5.8992,5.0717,4.5835,6.5482,41.12,32.44,23.86,18.53,16.47,16.2,18.86,19.53,20.81,26.44,36.21,42.39,26.06,16.33,18.97,22.95,27.59,31.77,33.94,34.41,34.91,32.88,29.56,22.98,18.1,27.07,2.99,3.19,3.34,3.39,3.48,3.75,3.61,3.83,3.74,3.19,3.01,2.99,3.38
23.0,33.5,4.8696,5.736,6.809,7.536,7.8588,8.0846,7.8749,7.4002,6.8249,5.8992,5.0717,4.5835,6.5482,42.52,33.23,23.61,18.06,15.23,14.0,16.54,17.31,18.99,27.5,38.25,43.92,25.74,15.67,18.26,22.13,26.65,30.84,33.07,33.49,34.08,32.23,28.81,22.31,17.53,26.29,3.19,3.39,3.43,3.41,3.45,3.68,3.58,3.74,3.56,3.17,3.06,3.18,3.4
23.0,34.0,4.8384,5.6902,6.7735,7.4832,7.783,8.0652,7.8305,7.3538,6.7913,5.8553,5.0371,4.549,6.5066,42.52,33.23,23.61,18.06,15.23,14.0,16.54,17.31,18.99,27.5,38.25,43.92,25.74,15.67,18.26,22.13,26.65,30.84,33.07,33.49,34.08,32.23,28.81,22.31,17.53,26.29,3.19,3.39,3.43,3.41,3.45,3.68,3.58,3.74,3.56,3.17,3.06,3.18,3.4
23.0,34.5,4.8384,5.6902,6.7735,7.4832,7.783,8.0652,7.8305,7.3538,6.7913,5.8553,5.0371,4.549,6.5066,47.38,38.38,27.71,21.16,16.94,14.38,16.71,17.67,20.22,33.23,44.43,48.85,28.89,15.37,17.83,21.61,26.01,30.31,32.72,33.28,33.88,32.0,28.13,21.94,17.26,25.9,2.96,3.09,3.1,3.04,3.05,3.3,3.44,3.42,3.11,2.82,2.66,2.85,3.07
23.0,35.0,4.5521,5.376,6.4466,7.1506,7.4714,7.7906,7.5458,7.0154,6.5105,5.6011,4.7717,4.2691,6.211,50.78,44.56,35.05,27.99,22.0,17.22,18.99,20.65,24.88,42.19,51.38,52.2,33.95,17.07,19.2,22.7,26.76,31.03,33.84,34.8,35.14,32.91,28.7,23.36,19.0,27.08,2.73,2.73,2.7,2.63,2.64,2.74,2.9,2.74,2.6,2.55,2.37,2.6,2.66
23.5,25.0,4.8878,5.7499,6.7433,7.4719,7.8766,8.1562,8.0712,7.7026,7.1083,6.0965,5.1286,4.6106,6.6367,41.01,31.2,22.68,17.51,16.58,17.08,19.32,20.69,23.09,29.08,36.48,43.95,26.56,11.63,14.46,18.95,24.11,28.14,30.42,30.57,30.78,28.33,23.82,17.67,13.01,22.69,2.43,2.66,2.93,3.1,3.21,3.33,3.18,3.09,3.21,2.96,2.42,2.35,2.9
23.5,25.5,4.8878,5.7499,6.7433,7.4719,7.8766,8.1562,8.0712,7.7026,7.1083,6.0965,5.1286,4.6106,6.6367,42.5,32.35,23.79,18.44,17.5,18.17,20.45,21.88,24.72,30.96,38.65,45.72,27.93,10.7,13.53,17.8,22.79,26.7,28.84,29.03,29.3,26.75,22.4,16.48,12.05,21.4,2.86,3.05,3.29,3.45,3.55,3.7,3.42,3.33,3.63,3.45,2.9,2.91,3.3
23.5,26.0,5.0023,5.8865,6.8803,7.5996,7.9286,8.2126,8.1329,7.7482,7.1549,6.1682,5.2368,4.7167,6.725,45.94,35.26,26.05,20.13,18.94,19.62,21.83,23.26,26.91,33.92,42.86,50.02,30.39,9.65,12.41,16.56,21.45,25.37,27.56,27.94,28.3,25.47,21.08,15.2,10.88,20.19,2.8,2.92,3.09,3.15,3.23,3.45,3.3,3.17,3.38,3.13,2.65,2.77,3.09
23.5,26.5,5.0023,5.8865,6.8803,7.5996,7.9286,8.2126,8.1329,7.7482,7.1549,6.1682,5.2368,4.7167,6.725,45.94,35.26,26.05,20.13,18.94,19.62,21.83,23.26,26.91,33.92,42.86,50.02,30.39,9.65,12.41,16.56,21.45,25.37,27.56,27.94,28.3,25.47,21.08,15.2,10.88,20.19,2.8,2.92,3.09,3.15,3.23,3.45,3.3,3.17,3.38,3.13,2.65,2.77,3.09
23.5,27.0,4.9248,5.8253,6.7757,7.5295,7.8919,8.1926,8.105,7.7081,7.0778,6.0847,5.161,4.651,6.6634,44.43,34.12,25.07,19.36,17.99,18.5,20.44,21.77,25.4,32.08,41.26,48.48,29.07,10.85,13.53,17.79,22.67,26.8,29.21,29.74,30.1,27.17,22.69,16.62,12.13,21.64,2.76,2.88,3.11,3.18,3.29,3.6,3.53,3.44,3.62,3.41,2.85,2.84,3.21
23.5,27.5,4.9248,5.8253,6.7757,7.5295,7.8919,8.1926,8.105,7.7081,7.0778,6.0847,5.161,4.651,6.6634,44.15,34.02,25.02,19.28,17.74,18.19,19.99,21.31,25.05,31.56,41.03,48.2,28.79,11.41,14.04,18.29,23.18,27.42,29.94,30.59,30.92,27.95,23.45,17.28,12.74,22.3,2.83,2.91,3.17,3.23,3.38,3.7,3.63,3.59,3.81,3.64,3.06,2.98,3.33
23.5,28.0,4.9123,5.8056,6.7514,7.5326,7.8888,8.1742,8.0846,7.6757,7.0174,6.0528,5.1118,4.6154,6.6379,43.28,33.26,24.43,18.76,17.21,17.62,19.4,20.7,24.33,30.43,39.87,46.96,28.02,12.06,14.72,18.99,23.91,28.22,30.76,31.4,31.73,28.77,24.37,18.1,13.47,23.08,2.85,2.91,3.2,3.28,3.45,3.81,3.7,3.71,3.96,3.78,3.18,3.03,3.41
23.5,28.5,4.9123,5.8056,6.7514,7.5326,7.8888,8.1742,8.0846,7.6757,7.0174,6.0528,5.1118,4.6154,6.6379,41.98,32.16,23.52,18.01,16.57,16.98,18.71,20.04,23.39,29.1,38.3,45.19,26.99,12.7,15.4,19.73,24.65,28.95,31.47,32.07,32.41,29.51,25.22,18.86,14.14,23.8,2.87,2.97,3.25,3.36,3.54,3.9,3.73,3.79,4.06,3.81,3.22,3.05,3.46
23.5,29.0,4.8756,5.7562,6.7802,7.523,7.8576,8.1276,8.0059,7.5754,6.9396,5.9861,5.0885,4.583,6.5942,41.98,32.16,23.52,18.01,16.57,16.98,18.71,20.04,23.39,29.1,38.3,45.19,26.99,12.7,15.4,19.73,24.65,28.95,31.47,32.07,32.41,29.51,25.22,18.86,14.14,23.8,2.87,2.97,3.25,3.36,3.54,3.9,3.73,3.79,4.06,3.81,3.22,3.05,3.46
23.5,29.5,4.8756,5.7562,6.7802,7.523,7.8576,8.1276,8.0059,7.5754,6.9396,5.9861,5.0885,4.583,6.5942,41.28,31.57,23.11,17.69,16.29,16.71,18.32,19.66,22.95,28.43,37.54,44.09,26.46,13.07,15.75,20.1,24.98,29.26,31.77,32.42,32.75,29.87,25.68,19.27,14.55,24.16,2.96,3.07,3.32,3.43,3.61,3.96,3.74,3.84,4.13,3.83,3.28,3.13,3.53
23.5,30.0,4.8535,5.7233,6.7687,7.5394,7.8749,8.0926,7.9562,7.5324,6.9298,5.933,5.064,4.5682,6.5724,40.38,30.81,22.59,17.29,15.91,16.3,17.77,19.1,22.36,27.67,36.66,43.1,25.82,13.63,16.34,20.7,25.57,29.84,32.37,33.09,33.4,30.52,26.38,19.9,15.14,24.77,2.98,3.08,3.34,3.49,3.66,3.99,3.73,3.88,4.19,3.87,3.3,3.14,3.56
23.5,30.5,4.8535,5.7233,6.7687,7.5394,7.8749,8.0926,7.9562,7.5324,6.9298,5.933,5.064,4.5682,6.5724,39.88,30.33,22.27,17.03,15.7,16.23,17.81,19.17,22.31,27.41,36.19,42.48,25.56,14.0,16.77,21.04,25.93,30.17,32.52,33.19,33.5,30.69,26.77,20.29,15.51,25.07,2.91,3.07,3.34,3.49,3.66,3.98,3.65,3.87,4.18,3.81,3.21,3.03,3.52
23.5,31.0,4.9222,5.7912,6.8472,7.6051,7.9229,8.1444,7.9704,7.531,6.9283,5.9616,5.1276,4.6426,6.6187,39.33,30.11,21.99,16.9,15.56,16.06,18.04,19.3,21.85,26.46,35.34,41.49,25.2,14.15,16.84,21.05,25.88,30.09,32.33,32.82,33.19,30.68,27.06,20.59,15.8,25.08,2.96,3.16,3.39,3.5,3.66,3.97,3.62,3.9,4.12,3.64,3.2,3.05,3.52
23.5,31.5,4.9222,5.7912,6.8472,7.6051,7.9229,8.1444,7.9704,7.531,6.9283,5.9616,5.1276,4.6426,6.6187,39.33,30.11,21.99,16.9,15.56,16.06,18.04,19.3,21.85,26.46,35.34,41.49,25.2,14.15,16.84,21.05,25.88,30.09,32.33,32.82,33.19,30.68,27.06,20.59,15.8,25.08,2.96,3.16,3.39,3.5,3.66,3.97,3.62,3.9,4.12,3.64,3.2,3.05,3.52
23.5,32.0,4.8984,5.7631,6.8155,7.5422,7.8713,8.0856,7.9027,7.4633,6.8748,5.9057,5.0878,4.6082,6.5707,39.86,30.85,22.33,17.25,15.72,15.95,18.13,19.33,21.49,26.2,35.62,41.93,25.38,13.96,16.58,20.76,25.52,29.72,32.0,32.44,32.84,30.56,26.99,20.47,15.66,24.83,3.17,3.34,3.49,3.58,3.71,4.03,3.71,4.01,4.12,3.58,3.32,3.24,3.61
23.5,32.5,4.8984,5.7631,6.8155,7.5422,7.8713,8.0856,7.9027,7.4633,6.8748,5.9057,5.0878,4.6082,6.5707,41.6,33.44,24.99,19.9,18.02,17.75,19.69,20.76,22.78,27.91,37.27,43.57,27.29,15.08,17.69,21.86,26.53,30.76,33.12,33.72,34.08,31.81,28.2,21.66,16.78,25.98,3.16,3.28,3.43,3.49,3.62,3.97,3.76,4.01,4.01,3.41,3.22,3.19,3.55
23.5,33.0,4.8696,5.736,6.809,7.536,7.8588,8.0846,7.8749,7.4002,6.8249,5.8992,5.0717,4.5835,6.5482,40.82,32.05,23.23,17.91,15.88,15.49,17.75,18.68,20.47,26.03,36.06,42.43,25.55,15.81,18.47,22.54,27.22,31.45,33.7,34.22,34.6,32.46,29.05,22.44,17.53,26.66,3.08,3.27,3.42,3.48,3.57,3.84,3.62,3.88,3.83,3.29,3.09,3.09,3.46
23.5,33.5,4.8696,5.736,6.809,7.536,7.8588,8.0846,7.8749,7.4002,6.8249,5.8992,5.0717,4.5835,6.5482,44.64,35.13,24.95,18.84,15.83,14.66,16.9,17.78,19.97,28.11,39.98,46.16,26.89,14.95,17.53,21.54,26.12,30.39,32.67,33.21,33.66,31.63,28.18,21.6,16.74,25.72,2.79,2.98,3.1,3.08,3.14,3.44,3.37,3.54,3.3,2.72,2.63,2.73,3.07
23.5,34.0,4.8384,5.6902,6.7735,7.4832,7.783,8.0652,7.8305,7.3538,6.7913,5.8553,5.0371,4.549,6.5066,44.64,35.13,24.95,18.84,15.83,14.66,16.9,17.78,19.97,28.11,39.98,46.16,26.89,14.95,17.53,21.54,26.12,30.39,32.67,33.21,33.66,31.63,28.18,21.6,16.74,25.72,2.79,2.98,3.1,3.08,3.14,3.44,3.37,3.54,3.3,2.72,2.63,2.73,3.07
23.5,34.5,4.8384,5.6902,6.7735,7.4832,7.783,8.0652,7.8305,7.3538,6.7913,5.8553,5.0371,4.549,6.5066,46.9,37.71,27.35,20.52,16.27,14.34,16.51,17.17,19.62,30.48,43.05,48.07,28.14,15.7,18.2,22.08,26.53,30.92,33.29,33.88,34.43,32.5,28.77,22.38,17.58,26.39,2.66,2.8,2.89,2.84,2.88,3.25,3.33,3.36,3.0,2.42,2.38,2.55,2.86
23.5,35.0,4.5521,5.376,6.4466,7.1506,7.4714,7.7906,7.5458,7.0154,6.5105,5.6011,4.7717,4.2691,6.211,50.84,43.3,33.23,25.2,19.12,15.54,18.23,19.09,22.15,37.52,50.37,52.16,32.19,16.88,19.05,22.53,26.66,31.09,33.91,34.74,35.17,33.07,28.73,23.11,18.78,27.01,2.85,2.88,2.89,2.79,2.85,3.1,2.94,2.91,2.9,2.52,2.44,2.74,2.82
24.0,25.0,4.7472,5.6306,6.685,7.4479,7.843,8.1178,8.0731,7.6694,7.0135,5.9748,5.0042,4.4395,6.557,41.39,31.84,23.48,18.21,17.22,17.61,19.89,21.32,23.96,30.2,37.28,44.52,27.25,11.67,14.45,18.81,23.84,27.84,30.15,30.33,30.5,28.08,23.57,17.64,13.04,22.53,2.79,3.0,3.36,3.54,3.68,3.74,3.5,3.38,3.63,3.47,2.91,2.83,3.32
24.0,25.5,4.7472,5.6306,6.685,7.4479,7.843,8.1178,8.0731,7.6694,7.0135,5.9748,5.0042,4.4395,6.557,45.5,35.11,26.18,20.2,19.08,19.65,22.0,23.48,27.01,34.2,42.39,49.61,30.37,10.1,12.85,17.01,21.95,25.84,28.06,28.34,28.6,25.91,21.43,15.66,11.3,20.62,2.73,2.9,3.15,3.27,3.36,3.41,3.16,3.03,3.26,3.09,2.65,2.73,3.06
24.0,26.0,4.8026,5.7115,6.7296,7.5295,7.9536,8.25,8.1773,7.7777,7.0711,6.0535,5.0671,4.5139,6.6396,48.68,37.62,28.06,21.58,20.16,20.8,23.23,24.73,28.72,36.47,45.79,53.33,32.43,9.29,12.0,16.15,21.04,24.98,27.25,27.57,27.89,25.12,20.62,14.8,10.45,19.8,2.55,2.72,2.87,2.93,2.97,3.1,3.0,2.87,2.93,2.69,2.3,2.43,2.78
24.0,26.5,4.8026,5.7115,6.7296,7.5295,7.9536,8.25,8.1773,7.7777,7.0711,6.0535,5.0671,4.5139,6.6396,48.68,37.62,28.06,21.58,20.16,20.8,23.23,24.73,28.72,36.47,45.79,53.33,32.43,9.29,12.0,16.15,21.04,24.98,27.25,27.57,27.89,25.12,20.62,14.8,10.45,19.8,2.55,2.72,2.87,2.93,2.97,3.1,3.0,2.87,2.93,2.69,2.3,2.43,2.78
24.0,27.0,4.7606,5.6755,6.6725,7.4638,7.8953,8.195,8.1329,7.7278,7.0164,5.9772,4.9978,4.4621,6.5846,47.08,36.36,26.94,20.74,19.18,19.7,21.83,23.28,27.24,34.46,43.94,51.45,31.02,10.23,12.89,17.11,21.98,26.07,28.52,28.98,29.29,26.44,21.93,15.97,11.5,20.94,2.72,2.86,3.06,3.13,3.23,3.47,3.42,3.32,3.39,3.15,2.64,2.7,3.09
24.0,27.5,4.7606,5.6755,6.6725,7.4638,7.8953,8.195,8.1329,7.7278,7.0164,5.9772,4.9978,4.4621,6.5846,45.6,35.37,26.16,20.15,18.44,18.91,20.78,22.19,26.15,32.92,42.37,49.74,29.89,11.18,13.77,18.01,22.87,27.12,29.68,30.3,30.58,27.66,23.16,17.09,12.53,22.03,2.8,2.91,3.17,3.24,3.38,3.69,3.65,3.58,3.7,3.5,2.95,2.91,3.29
24.0,28.0,4.7395,5.64,6.6202,7.4386,7.8672,8.1598,8.0887,7.679,6.961,5.9359,4.9795,4.4592,6.5506,44.98,34.81,25.69,19.73,17.97,18.42,20.27,21.67,25.56,31.95,41.41,48.71,29.26,11.67,14.27,18.52,23.4,27.75,30.32,30.93,31.22,28.3,23.89,17.73,13.1,22.63,2.84,2.93,3.23,3.33,3.5,3.83,3.75,3.73,3.9,3.69,3.12,3.0,3.41
24.0,28.5,4.7395,5.64,6.6202,7.4386,7.8672,8.1598,8.0887,7.679,6.961,5.9359,4.9795,4.4592,6.5506,43.47,33.47,24.62,18.88,17.25,17.69,19.46,20.88,24.52,30.42,39.64,46.69,28.08,12.36,15.03,19.31,24.2,28.55,31.08,31.68,31.95,29.08,24.8,18.55,13.82,23.4,2.85,2.97,3.28,3.41,3.6,3.93,3.78,3.79,4.01,3.75,3.17,3.01,3.47
24.0,29.0,4.7213,5.6066,6.6372,7.421,7.8307,8.1293,8.0179,7.589,6.846,5.8668,4.9404,4.4222,6.5054,43.47,33.47,24.62,18.88,17.25,17.69,19.46,20.88,24.52,30.42,39.64,46.69,28.08,12.36,15.03,19.31,24.2,28.55,31.08,31.68,31.95,29.08,24.8,18.55,13.82,23.4,2.85,2.97,3.28,3.41,3.6,3.93,3.78,3.79,4.01,3.75,3.17,3.01,3.47
24.0,29.5,4.7213,5.6066,6.6372,7.421,7.8307,8.1293,8.0179,7.589,6.846,5.8668,4.9404,4.4222,6.5054,42.99,33.08,24.36,18.68,17.1,17.57,19.2,20.64,24.29,29.94,39.16,45.84,27.73,12.6,15.25,19.53,24.38,28.69,31.2,31.85,32.11,29.25,25.09,18.79,14.09,23.61,2.95,3.08,3.36,3.49,3.67,4.0,3.81,3.87,4.11,3.8,3.26,3.12,3.55
24.0,30.0,4.7388,5.6383,6.7044,7.5137,7.9133,8.1571,8.0222,7.5806,6.9156,5.8666,4.9639,4.4446,6.5414,42.18,32.45,23.91,18.32,16.78,17.21,18.65,20.1,23.71,29.23,38.38,44.95,27.15,13.13,15.79,20.1,24.94,29.24,31.8,32.55,32.79,29.92,25.76,19.38,14.65,24.21,2.97,3.08,3.35,3.5,3.66,4.02,3.78,3.89,4.16,3.81,3.28,3.14,3.55
24.0,30.5,4.7388,5.6383,6.7044,7.5137,7.9133,8.1571,8.0222,7.5806,6.9156,5.8666,4.9639,4.4446,6.5414,42.24,32.33,23.8,18.14,16.64,17.28,18.9,20.34,23.86,29.23,38.33,44.91,27.16,13.3,16.05,20.32,25.21,29.48,31.86,32.54,32.79,29.98,26.0,19.6,14.83,24.37,2.7,2.88,3.18,3.36,3.51,3.83,3.52,3.69,3.97,3.56,3.0,2.82,3.34
24.0,31.0,4.7945,5.6875,6.7697,7.584,7.9762,8.2166,8.0402,7.578,6.918,5.9009,5.0186,4.5024,6.5851,41.88,32.24,23.68,18.21,16.69,17.37,19.46,20.79,23.73,28.5,37.7,44.08,27.02,13.19,15.85,20.03,24.81,29.01,31.24,31.74,32.04,29.55,25.95,19.58,14.84,24.02,2.9,3.11,3.35,3.47,3.62,3.91,3.56,3.81,4.01,3.52,3.13,3.0,3.45
24.0,31.5,4.7945,5.6875,6.7697,7.584,7.9762,8.2166,8.0402,7.578,6.918,5.9009,5.0186,4.5024,6.5851,41.88,32.24,23.68,18.21,16.69,17.37,19.46,20.79,23.73,28.5,37.7,44.08,27.02,13.19,15.85,20.03,24.81,29.01,31.24,31.74,32.04,29.55,25.95,19.58,14.84,24.02,2.9,3.11,3.35,3.47,3.62,3.91,3.56,3.81,4.01,3.52,3.13,3.0,3.45
24.0,32.0,4.7592,5.652,6.7294,7.5096,7.9104,8.1499,7.9706,7.5127,6.8602,5.8409,4.9757,4.469,6.5311,42.56,33.02,23.95,18.51,16.8,17.26,19.54,20.85,23.39,28.19,38.06,44.7,27.23,12.86,15.47,19.64,24.36,28.58,30.85,31.31,31.63,29.34,25.77,19.35,14.55,23.68,3.01,3.18,3.37,3.46,3.59,3.92,3.64,3.9,3.96,3.37,3.14,3.07,3.47
24.0,32.5,4.7592,5.652,6.7294,7.5096,7.9104,8.1499,7.9706,7.5127,6.8602,5.8409,4.9757,4.469,6.5311,41.21,32.65,23.65,18.32,16.39,16.33,18.28,19.49,21.86,27.0,36.78,43.29,26.25,14.33,16.95,21.18,25.89,30.21,32.67,33.31,33.59,31.23,27.5,20.95,16.03,25.36,2.91,3.03,3.23,3.33,3.47,3.85,3.63,3.83,3.79,3.14,2.97,2.93,3.34
24.0,33.0,4.6973,5.5721,6.6662,7.4131,7.8036,8.0729,7.8631,7.3865,6.7469,5.7686,4.9231,4.4006,6.4457,41.74,32.81,23.25,17.52,15.25,14.84,16.91,18.1,20.44,26.14,36.78,43.51,25.59,15.07,17.79,21.96,26.71,31.05,33.39,34.01,34.21,31.92,28.44,21.76,16.79,26.13,2.67,2.87,3.09,3.19,3.31,3.62,3.45,3.65,3.53,2.91,2.69,2.67,3.14
24.0,33.5,4.6973,5.5721,6.6662,7.4131,7.8036,8.0729,7.8631,7.3865,6.7469,5.7686,4.9231,4.4006,6.4457,44.15,35.09,25.06,18.71,15.66,14.53,16.64,17.48,19.9,27.38,39.35,45.26,26.58,15.52,18.1,22.16,26.76,31.12,33.47,34.03,34.36,32.28,28.85,22.27,17.35,26.39,2.64,2.85,3.01,3.04,3.13,3.46,3.39,3.57,3.3,2.63,2.52,2.58,3.01
24.0,34.0,4.6349,5.5154,6.643,7.3762,7.7669,8.07,7.8425,7.3615,6.7284,5.7293,4.8816,4.3591,6.4118,44.15,35.09,25.06,18.71,15.66,14.53,16.64,17.48,19.9,27.38,39.35,45.26,26.58,15.52,18.1,22.16,26.76,31.12,33.47,34.03,34.36,32.28,28.85,22.27,17.35,26.39,2.64,2.85,3.01,3.04,3.13,3.46,3.39,3.57,3.3,2.63,2.52,2.58,3.01
24.0,34.5,4.6349,5.5154,6.643,7.3762,7.7669,8.07,7.8425,7.3615,6.7284,5.7293,4.8816,4.3591,6.4118,46.5,37.05,26.89,19.94,16.23,14.55,16.37,17.11,19.9,28.95,42.5,47.58,27.77,15.93,18.44,22.32,26.77,31.13,33.56,34.21,34.69,32.74,29.07,22.63,17.84,26.65,2.85,3.03,3.14,3.13,3.21,3.54,3.39,3.49,3.26,2.67,2.62,2.78,3.09
24.0,35.0,4.2089,5.009,6.0578,6.792,7.1357,7.4702,7.2396,6.773,6.1546,5.2188,4.4215,3.9662,5.8735,54.35,46.32,36.03,27.21,21.14,18.36,20.09,21.83,26.53,39.46,53.49,55.85,35.01,15.98,18.07,21.43,25.49,29.71,32.33,33.49,33.69,31.5,27.63,22.08,17.83,25.8,3.02,3.08,3.21,3.14,3.27,3.54,3.03,3.26,3.38,2.69,2.63,2.93,3.1
24.5,25.0,4.7472,5.6306,6.685,7.4479,7.843,8.1178,8.0731,7.6694,7.0135,5.9748,5.0042,4.4395,6.557,43.95,34.32,25.44,19.69,18.44,18.64,20.92,22.46,25.54,32.48,40.1,47.69,29.14,11.27,13.93,18.27,23.27,27.3,29.76,30.05,30.17,27.68,23.04,17.14,12.56,22.07,2.68,2.86,3.19,3.37,3.48,3.47,3.24,3.1,3.31,3.16,2.69,2.69,3.1
24.5,25.5,4.7472,5.6306,6.685,7.4479,7.843,8.1178,8.0731,7.6694,7.0135,5.9748,5.0042,4.4395,6.557,46.59,36.42,27.2,20.97,19.59,19.96,22.18,23.71,27.52,35.11,43.69,51.15,31.17,10.46,13.11,17.31,22.23,26.22,28.64,29.05,29.26,26.51,21.87,16.02,11.62,21.06,2.45,2.63,2.86,2.99,3.05,3.07,2.88,2.74,2.85,2.66,2.29,2.38,2.74
24.5,26.0,4.8026,5.7115,6.7296,7.5295,7.9536,8.25,8.1773,7.7777,7.0711,6.0535,5.0671,4.5139,6.6396,49.18,38.35,28.65,22.0,20.37,20.84,23.17,24.72,28.82,36.66,46.09,53.85,32.72,9.71,12.35,16.56,21.45,25.49,27.92,28.32,28.58,25.84,21.25,15.35,10.93,20.34,2.44,2.62,2.79,2.89,2.94,3.01,2.9,2.78,2.81,2.58,2.21,2.32,2.69
24.5,26.5,4.8026,5.7115,6.7296,7.5295,7.9536,8.25,8.1773,7.7777,7.0711,6.0535,5.0671,4.5139,6.6396,49.18,38.35,28.65,22.0,20.37,20.84,23.17,24.72,28.82,36.66,46.09,53.85,32.72,9.71,12.35,16.56,21.45,25.49,27.92,28.32,28.58,25.84,21.25,15.35,10.93,20.34,2.44,2.62,2.79,2.89,2.94,3.01,2.9,2.78,2.81,2.58,2.21,2.32,2.69
24.5,27.0,4.7606,5.6755,6.6725,7.4638,7.8953,8.195,8.1329,7.7278,7.0164,5.9772,4.9978,4.4621,6.5846,49.42,38.56,28.78,22.12,20.34,20.79,22.99,24.59,28.82,36.55,46.24,53.97,32.76,9.81,12.4,16.59,21.43,25.54,28.06,28.54,28.8,26.0,21.44,15.55,11.1,20.47,2.68,2.84,3.01,3.1,3.17,3.35,3.29,3.17,3.19,2.95,2.52,2.61,2.99
24.5,27.5,4.7606,5.6755,6.6725,7.4638,7.8953,8.195,8.1329,7.7278,7.0164,5.9772,4.9978,4.4621,6.5846,48.0,37.51,27.95,21.52,19.61,20.05,22.03,23.59,27.83,35.09,44.68,52.29,31.67,10.64,13.16,17.36,22.18,26.42,29.03,29.63,29.87,27.0,22.48,16.53,11.99,21.39,2.75,2.89,3.13,3.21,3.33,3.59,3.55,3.46,3.51,3.28,2.79,2.8,3.19
24.5,28.0,4.7395,5.64,6.6202,7.4386,7.8672,8.1598,8.0887,7.679,6.961,5.9359,4.9795,4.4592,6.5506,46.53,36.28,26.96,20.72,18.77,19.22,21.11,22.65,26.75,33.46,42.87,50.32,30.46,11.4,13.95,18.17,23.02,27.36,29.98,30.59,30.82,27.95,23.51,17.45,12.84,22.29,2.78,2.92,3.21,3.32,3.47,3.76,3.68,3.63,3.74,3.51,2.97,2.9,3.33
24.5,28.5,4.7395,5.64,6.6202,7.4386,7.8672,8.1598,8.0887,7.679,6.961,5.9359,4.9795,4.4592,6.5506,45.0,34.9,25.86,19.92,18.08,18.54,20.33,21.87,25.81,32.02,41.21,48.32,29.31,12.03,14.65,18.89,23.71,28.06,30.62,31.25,31.47,28.6,24.3,18.17,13.5,22.98,2.88,3.03,3.36,3.49,3.66,3.96,3.8,3.78,3.97,3.68,3.15,3.03,3.48
24.5,29.0,4.7213,5.6066,6.6372,7.421,7.8307,8.1293,8.0179,7.589,6.846,5.8668,4.9404,4.4222,6.5054,45.0,34.9,25.86,19.92,18.08,18.54,20.33,21.87,25.81,32.02,41.21,48.32,29.31,12.03,14.65,18.89,23.71,28.06,30.62,31.25,31.47,28.6,24.3,18.17,13.5,22.98,2.88,3.03,3.36,3.49,3.66,3.96,3.8,3.78,3.97,3.68,3.15,3.03,3.48
24.5,29.5,4.7213,5.6066,6.6372,7.421,7.8307,8.1293,8.0179,7.589,6.846,5.8668,4.9404,4.4222,6.5054,45.03,34.9,25.91,19.95,18.13,18.63,20.33,21.9,25.89,31.82,41.17,47.99,29.3,12.09,14.7,18.93,23.72,28.05,30.58,31.23,31.43,28.6,24.44,18.26,13.59,23.01,2.9,3.04,3.34,3.44,3.6,3.93,3.76,3.77,3.96,3.6,3.13,3.03,3.46
24.5,30.0,4.7388,5.6383,6.7044,7.5137,7.9133,8.1571,8.0222,7.5806,6.9156,5.8666,4.9639,4.4446,6.5414,43.84,33.97,25.18,19.36,17.61,18.06,19.48,21.01,24.97,30.65,39.88,46.65,28.38,12.79,15.41,19.69,24.49,28.84,31.45,32.23,32.4,29.55,25.4,19.09,14.34,23.85,2.76,2.89,3.18,3.32,3.48,3.84,3.67,3.72,3.9,3.5,3.0,2.88,3.35
24.5,30.5,4.7388,5.6383,6.7044,7.5137,7.9133,8.1571,8.0222,7.5806,6.9156,5.8666,4.9639,4.4446,6.5414,43.1,33.24,24.65,18.82,17.17,17.84,19.44,20.93,24.72,30.14,39.15,45.83,27.91,13.29,16.01,20.23,25.1,29.41,31.85,32.59,32.75,29.93,25.94,19.61,14.84,24.33,2.53,2.73,3.06,3.26,3.43,3.76,3.48,3.6,3.82,3.4,2.83,2.64,3.21
24.5,31.0,4.7945,5.6875,6.7697,7.584,7.9762,8.2166,8.0402,7.578,6.918,5.9009,5.0186,4.5024,6.5851,44.05,34.15,25.24,19.44,17.72,18.54,20.68,22.1,25.46,30.41,39.72,46.33,28.65,12.53,15.17,19.29,24.04,28.26,30.52,31.04,31.25,28.75,25.15,18.9,14.19,23.29,2.83,3.04,3.31,3.45,3.59,3.87,3.56,3.76,3.93,3.44,3.06,2.93,3.4
24.5,31.5,4.7945,5.6875,6.7697,7.584,7.9762,8.2166,8.0402,7.578,6.918,5.9009,5.0186,4.5024,6.5851,44.05,34.15,25.24,19.44,17.72,18.54,20.68,22.1,25.46,30.41,39.72,46.33,28.65,12.53,15.17,19.29,24.04,28.26,30.52,31.04,31.25,28.75,25.15,18.9,14.19,23.29,2.83,3.04,3.31,3.45,3.59,3.87,3.56,3.76,3.93,3.44,3.06,2.93,3.4
24.5,32.0,4.7592,5.652,6.7294,7.5096,7.9104,8.1499,7.9706,7.5127,6.8602,5.8409,4.9757,4.469,6.5311,44.06,34.38,25.1,19.44,17.56,18.14,20.43,21.81,24.71,29.63,39.41,46.23,28.4,12.42,15.0,19.16,23.85,28.1,30.42,30.9,31.12,28.81,25.23,18.89,14.1,23.2,2.94,3.11,3.35,3.45,3.59,3.93,3.67,3.87,3.92,3.31,3.07,3.01,3.44
24.5,32.5,4.7592,5.652,6.7294,7.5096,7.9104,8.1499,7.9706,7.5127,6.8602,5.8409,4.9757,4.469,6.5311,42.24,33.43,24.07,18.56,16.43,16.52,18.44,19.76,22.55,27.79,37.71,44.27,26.8,13.77,16.36,20.6,25.28,29.7,32.21,32.91,33.06,30.64,26.86,20.36,15.47,24.8,2.79,2.91,3.15,3.26,3.41,3.83,3.64,3.8,3.72,3.02,2.84,2.81,3.27
24.5,33.0,4.6973,5.5721,6.6662,7.4131,7.8036,8.0729,7.8631,7.3865,6.7469,5.7686,4.9231,4.4006,6.4457,42.02,33.45,23.73,17.91,15.36,14.95,16.99,18.15,20.71,26.31,36.83,43.42,25.8,15.25,17.95,22.17,26.92,31.4,33.84,34.46,34.58,32.25,28.67,22.05,17.04,26.42,2.51,2.71,2.95,3.07,3.23,3.59,3.5,3.65,3.48,2.8,2.56,2.53,3.05
24.5,33.5,4.6973,5.5721,6.6662,7.4131,7.8036,8.0729,7.8631,7.3865,6.7469,5.7686,4.9231,4.4006,6.4457,43.64,34.8,24.82,18.6,15.63,14.59,16.67,17.45,20.1,27.13,38.97,44.6,26.39,15.73,18.3,22.38,26.95,31.35,33.78,34.35,34.6,32.51,29.05,22.52,17.61,26.63,2.74,2.99,3.12,3.19,3.3,3.59,3.48,3.63,3.39,2.79,2.66,2.72,3.13
24.5,34.0,4.6349,5.5154,6.643,7.3762,7.7669,8.07,7.8425,7.3615,6.7284,5.7293,4.8816,4.3591,6.4118,43.64,34.8,24.82,18.6,15.63,14.59,16.67,17.45,20.1,27.13,38.97,44.6,26.39,15.73,18.3,22.38,26.95,31.35,33.78,34.35,34.6,32.51,29.05,22.52,17.61,26.63,2.74,2.99,3.12,3.19,3.3,3.59,3.48,3.63,3.39,2.79,2.66,2.72,3.13
24.5,34.5,4.6349,5.5154,6.643,7.3762,7.7669,8.07,7.8425,7.3615,6.7284,5.7293,4.8816,4.3591,6.4118,48.29,39.14,28.63,21.33,17.54,15.76,17.21,18.05,21.63,31.43,45.16,49.7,29.46,15.2,17.61,21.5,25.9,30.21,32.8,33.67,34.07,31.95,28.06,21.75,17.08,25.85,3.05,3.23,3.33,3.34,3.45,3.64,3.36,3.41,3.32,2.92,2.83,3.01,3.24
24.5,35.0,4.2089,5.009,6.0578,6.792,7.1357,7.4702,7.2396,6.773,6.1546,5.2188,4.4215,3.9662,5.8735,57.52,52.36,45.18,38.27,33.24,31.11,31.67,33.82,39.43,49.82,58.16,58.74,44.08,17.42,18.94,21.71,25.06,28.7,31.1,32.58,32.79,30.67,27.44,22.99,19.24,25.75,3.46,3.42,3.52,3.35,3.44,3.79,3.27,3.59,3.78,3.06,3.06,3.39,3.43
25.0,25.0,4.5475,5.459,6.533,7.3327,7.8446,8.1314,8.083,7.6589,6.9415,5.8519,4.8125,4.2463,6.4572,45.85,36.26,26.95,20.83,19.22,19.32,21.44,23.06,26.49,33.84,41.92,49.9,30.42,11.17,13.72,18.06,23.02,27.16,29.77,30.23,30.32,27.76,23.03,17.06,12.46,22.01,2.56,2.72,3.01,3.2,3.3,3.27,3.07,2.92,3.04,2.86,2.46,2.52,2.91
25.0,25.5,4.5475,5.459,6.533,7.3327,7.8446,8.1314,8.083,7.6589,6.9415,5.8519,4.8125,4.2463,6.4572,47.82,37.92,28.38,21.92,20.19,20.39,22.5,24.12,28.09,35.96,44.76,52.6,32.05,10.62,13.12,17.33,22.21,26.34,28.93,29.46,29.64,26.9,22.17,16.26,11.8,21.27,2.43,2.6,2.81,2.97,3.03,3.05,2.9,2.75,2.78,2.57,2.23,2.34,2.71
25.0,26.0,4.5922,5.5114,6.5278,7.3817,7.8847,8.1986,8.1413,7.7134,6.9694,5.8946,4.8569,4.2768,6.4992,49.97,39.47,29.53,22.73,20.85,21.12,23.36,25.01,29.2,37.25,46.7,54.67,33.32,10.02,12.53,16.75,21.6,25.75,28.35,28.83,29.05,26.32,21.66,15.74,11.27,20.69,2.44,2.61,2.79,2.92,2.97,3.03,2.9,2.77,2.79,2.57,2.21,2.33,2.69
25.0,26.5,4.5922,5.5114,6.5278,7.3817,7.8847,8.1986,8.1413,7.7134,6.9694,5.8946,4.8569,4.2768,6.4992,49.97,39.47,29.53,22.73,20.85,21.12,23.36,25.01,29.2,37.25,46.7,54.67,33.32,10.02,12.53,16.75,21.6,25.75,28.35,28.83,29.05,26.32,21.66,15.74,11.27,20.69,2.44,2.61,2.79,2.92,2.97,3.03,2.9,2.77,2.79,2.57,2.21,2.33,2.69
25.0,27.0,4.5679,5.4804,6.5554,7.4328,7.9152,8.2183,8.1077,7.6867,6.9442,5.8534,4.8329,4.2694,6.4922,50.3,39.66,29.75,22.93,20.93,21.27,23.41,25.09,29.43,37.4,47.02,54.8,33.49,10.06,12.56,16.73,21.52,25.7,28.34,28.88,29.09,26.33,21.72,15.84,11.37,20.71,2.59,2.77,2.93,3.02,3.07,3.21,3.14,3.03,3.01,2.76,2.38,2.49,2.87
25.0,27.5,4.5679,5.4804,6.5554,7.4328,7.9152,8.2183,8.1077,7.6867,6.9442,5.8534,4.8329,4.2694,6.4922,48.86,38.51,28.91,22.29,20.2,20.56,22.52,24.17,28.53,36.0,45.47,53.06,32.42,10.75,13.22,17.39,22.17,26.45,29.15,29.78,29.98,27.15,22.59,16.66,12.13,21.49,2.68,2.85,3.06,3.15,3.25,3.47,3.42,3.32,3.32,3.07,2.63,2.68,3.08
25.0,28.0,4.5626,5.4739,6.5945,7.4477,7.9193,8.2231,8.082,7.6582,6.9394,5.8406,4.8382,4.2799,6.4918,47.53,37.4,28.03,21.63,19.5,19.89,21.74,23.42,27.71,34.7,43.99,51.39,31.4,11.41,13.89,18.07,22.86,27.21,29.9,30.57,30.76,27.88,23.4,17.42,12.84,22.22,2.7,2.86,3.13,3.24,3.38,3.64,3.58,3.49,3.54,3.27,2.8,2.78,3.2
25.0,28.5,4.5626,5.4739,6.5945,7.4477,7.9193,8.2231,8.082,7.6582,6.9394,5.8406,4.8382,4.2799,6.4918,46.77,36.54,27.37,21.17,19.07,19.51,21.26,22.92,27.25,33.82,43.1,50.34,30.75,11.8,14.37,18.55,23.32,27.67,30.31,31.0,31.17,28.25,23.91,17.86,13.22,22.66,2.65,2.84,3.15,3.27,3.43,3.7,3.61,3.54,3.59,3.27,2.79,2.73,3.21
25.0,29.0,4.5811,5.5006,6.6204,7.4621,7.9152,8.2313,8.0686,7.6306,6.9113,5.8109,4.8461,4.2967,6.493,46.77,36.54,27.37,21.17,19.07,19.51,21.26,22.92,27.25,33.82,43.1,50.34,30.75,11.8,14.37,18.55,23.32,27.67,30.31,31.0,31.17,28.25,23.91,17.86,13.22,22.66,2.65,2.84,3.15,3.27,3.43,3.7,3.61,3.54,3.59,3.27,2.79,2.73,3.21
25.0,29.5,4.5811,5.5006,6.6204,7.4621,7.9152,8.2313,8.0686,7.6306,6.9113,5.8109,4.8461,4.2967,6.493,45.5,35.45,26.51,20.52,18.53,19.05,20.71,22.3,26.53,32.46,41.59,48.46,29.79,12.35,14.93,19.14,23.9,28.27,30.85,31.52,31.69,28.86,24.7,18.58,13.88,23.26,2.66,2.85,3.16,3.27,3.45,3.76,3.64,3.62,3.71,3.33,2.84,2.74,3.25
25.0,30.0,4.5881,5.5193,6.6242,7.4791,7.9159,8.219,8.0494,7.6181,6.8978,5.8006,4.8497,4.2982,6.4915,43.89,34.29,25.63,19.89,18.0,18.51,19.9,21.45,25.66,31.19,39.92,46.56,28.73,13.04,15.59,19.81,24.54,28.93,31.55,32.38,32.49,29.67,25.58,19.42,14.65,24.01,2.81,2.96,3.29,3.43,3.66,4.03,3.82,3.85,4.04,3.66,3.14,2.96,3.47
25.0,30.5,4.5881,5.5193,6.6242,7.4791,7.9159,8.219,8.0494,7.6181,6.8978,5.8006,4.8497,4.2982,6.4915,43.99,34.2,25.5,19.61,17.82,18.54,20.15,21.66,25.72,31.15,40.02,46.77,28.75,13.26,15.92,20.11,24.92,29.27,31.77,32.56,32.63,29.84,25.85,19.62,14.85,24.25,2.55,2.74,3.11,3.3,3.49,3.86,3.61,3.69,3.89,3.49,2.92,2.69,3.28
25.0,31.0,4.6409,5.581,6.6871,7.5408,7.9668,8.2903,8.0969,7.6339,6.93,5.8246,4.8986,4.3498,6.5398,45.97,35.89,26.72,20.66,18.78,19.67,21.86,23.36,27.14,32.26,41.62,48.42,30.19,12.06,14.67,18.76,23.46,27.7,30.01,30.57,30.68,28.17,24.55,18.41,13.72,22.77,2.85,3.05,3.35,3.48,3.64,3.93,3.63,3.77,3.94,3.47,3.09,2.97,3.43
25.0,31.5,4.6409,5.581,6.6871,7.5408,7.9668,8.2903,8.0969,7.6339,6.93,5.8246,4.8986,4.3498,6.5398,45.97,35.89,26.72,20.66,18.78,19.67,21.86,23.36,27.14,32.26,41.62,48.42,30.19,12.06,14.67,18.76,23.46,27.7,30.01,30.57,30.68,28.17,24.55,18.41,13.72,22.77,2.85,3.05,3.35,3.48,3.64,3.93,3.63,3.77,3.94,3.47,3.09,2.97,3.43
25.0,32.0,4.5622,5.4816,6.5837,7.4323,7.8456,8.1739,7.961,7.5041,6.8182,5.7266,4.8132,4.2826,6.4351,46.03,36.11,26.53,20.61,18.56,19.23,21.48,22.98,26.39,31.52,41.36,48.31,29.92,11.92,14.5,18.64,23.29,27.56,29.95,30.49,30.59,28.2,24.6,18.34,13.58,22.67,2.9,3.08,3.36,3.46,3.6,3.95,3.72,3.87,3.9,3.27,3.01,2.96,3.42
25.0,32.5,4.5622,5.4816,6.5837,7.4323,7.8456,8.1739,7.961,7.5041,6.8182,5.7266,4.8132,4.2826,6.4351,43.66,34.66,24.97,19.31,17.05,17.23,19.21,20.62,23.73,29.03,38.87,45.52,27.81,13.47,16.07,20.32,24.99,29.45,31.97,32.63,32.68,30.24,26.5,20.09,15.18,24.5,2.74,2.88,3.16,3.29,3.43,3.85,3.71,3.81,3.71,3.01,2.79,2.76,3.26
25.0,33.0,4.5732,5.4835,6.5779,7.398,7.8394,8.1919,7.9706,7.4873,6.8083,5.719,4.8276,4.2821,6.433,42.92,34.18,24.34,18.51,15.92,15.6,17.61,18.8,21.64,27.09,37.65,44.04,26.5,14.76,17.44,21.63,26.32,30.84,33.33,33.95,34.01,31.68,28.08,21.57,16.59,25.89,2.64,2.86,3.08,3.23,3.38,3.74,3.64,3.79,3.63,2.91,2.69,2.68,3.19
25.0,33.5,4.5732,5.4835,6.5779,7.398,7.8394,8.1919,7.9706,7.4873,6.8083,5.719,4.8276,4.2821,6.433,44.12,35.21,25.13,19.08,16.16,15.25,17.22,18.07,20.9,27.78,39.65,45.09,26.95,15.12,17.66,21.76,26.26,30.66,33.18,33.82,34.02,31.89,28.33,21.88,17.02,26.0,2.91,3.15,3.26,3.34,3.45,3.67,3.49,3.66,3.43,2.86,2.82,2.92,3.25
25.0,34.0,4.3306,5.2598,6.3674,7.1194,7.6066,7.9886,7.7652,7.2797,6.6077,5.5277,4.6428,4.0829,6.2179,44.12,35.21,25.13,19.08,16.16,15.25,17.22,18.07,20.9,27.78,39.65,45.09,26.95,15.12,17.66,21.76,26.26,30.66,33.18,33.82,34.02,31.89,28.33,21.88,17.02,26.0,2.91,3.15,3.26,3.34,3.45,3.67,3.49,3.66,3.43,2.86,2.82,2.92,3.25
25.0,34.5,4.3306,5.2598,6.3674,7.1194,7.6066,7.9886,7.7652,7.2797,6.6077,5.5277,4.6428,4.0829,6.2179,50.96,42.38,31.9,23.95,19.63,17.8,18.61,19.87,24.46,35.36,48.87,52.59,32.16,14.35,16.61,20.42,24.74,29.06,31.79,33.01,33.27,30.9,26.85,20.75,16.18,24.86,3.15,3.25,3.35,3.37,3.5,3.66,3.26,3.37,3.33,2.83,2.83,3.08,3.25
25.5,25.0,4.5475,5.459,6.533,7.3327,7.8446,8.1314,8.083,7.6589,6.9415,5.8519,4.8125,4.2463,6.4572,47.67,38.19,28.54,22.05,20.07,20.08,22.04,23.73,27.47,35.23,43.73,51.89,31.72,11.16,13.56,17.85,22.74,26.97,29.74,30.34,30.43,27.82,23.01,17.01,12.43,21.96,2.54,2.69,2.93,3.13,3.21,3.18,3.01,2.85,2.89,2.68,2.34,2.45,2.83
25.5,25.5,4.5475,5.459,6.533,7.3327,7.8446,8.1314,8.083,7.6589,6.9415,5.8519,4.8125,4.2463,6.4572,49.98,40.15,30.06,23.22,21.12,21.21,23.26,24.99,29.13,37.34,46.56,54.72,33.47,10.48,12.82,17.05,21.91,26.14,28.88,29.49,29.65,26.95,22.18,16.2,11.71,21.16,2.41,2.57,2.76,2.93,2.97,2.97,2.82,2.67,2.67,2.47,2.17,2.3,2.64
25.5,26.0,4.5922,5.5114,6.5278,7.3817,7.8847,8.1986,8.1413,7.7134,6.9694,5.8946,4.8569,4.2768,6.4992,50.99,40.8,30.6,23.6,21.44,21.61,23.69,25.44,29.76,38.03,47.54,55.66,34.09,10.24,12.61,16.84,21.63,25.89,28.63,29.23,29.42,26.7,21.99,16.04,11.52,20.93,2.45,2.61,2.79,2.91,2.96,3.0,2.87,2.74,2.74,2.52,2.2,2.33,2.68
25.5,26.5,4.5922,5.5114,6.5278,7.3817,7.8847,8.1986,8.1413,7.7134,6.9694,5.8946,4.8569,4.2768,6.4992,50.99,40.8,30.6,23.6,21.44,21.61,23.69,25.44,29.76,38.03,47.54,55.66,34.09,10.24,12.61,16.84,21.63,25.89,28.63,29.23,29.42,26.7,21.99,16.04,11.52,20.93,2.45,2.61,2.79,2.91,2.96,3.0,2.87,2.74,2.74,2.52,2.2,2.33,2.68
25.5,27.0,4.5679,5.4804,6.5554,7.4328,7.9152,8.2183,8.1077,7.6867,6.9442,5.8534,4.8329,4.2694,6.4922,50.81,40.52,30.45,23.52,21.28,21.54,23.54,25.29,29.72,37.78,47.34,55.2,33.9,10.42,12.81,17.01,21.76,26.05,28.82,29.46,29.65,26.88,22.22,16.29,11.77,21.13,2.55,2.72,2.89,2.98,3.04,3.15,3.08,2.95,2.93,2.68,2.32,2.45,2.81
25.5,27.5,4.5679,5.4804,6.5554,7.4328,7.9152,8.2183,8.1077,7.6867,6.9442,5.8534,4.8329,4.2694,6.4922,49.77,39.61,29.88,23.15,20.84,21.16,23.03,24.77,29.33,37.0,46.37,53.92,33.22,10.88,13.28,17.43,22.14,26.48,29.27,29.98,30.17,27.32,22.73,16.81,12.29,21.6,2.64,2.8,3.0,3.08,3.17,3.36,3.32,3.21,3.17,2.92,2.52,2.6,2.98
25.5,28.0,4.5626,5.4739,6.5945,7.4477,7.9193,8.2231,8.082,7.6582,6.9394,5.8406,4.8382,4.2799,6.4918,48.03,38.11,28.73,22.27,19.95,20.3,22.02,23.77,28.22,35.28,44.44,51.79,31.9,11.71,14.14,18.29,23.03,27.44,30.24,31.01,31.17,28.27,23.76,17.78,13.18,22.54,2.57,2.73,2.99,3.1,3.25,3.49,3.45,3.35,3.32,3.05,2.6,2.6,3.04
25.5,28.5,4.5626,5.4739,6.5945,7.4477,7.9193,8.2231,8.082,7.6582,6.9394,5.8406,4.8382,4.2799,6.4918,47.53,37.38,28.16,21.86,19.58,20.07,21.72,23.42,27.97,34.56,43.69,50.9,31.39,11.99,14.5,18.67,23.42,27.83,30.54,31.31,31.47,28.54,24.19,18.16,13.49,22.88,2.5,2.7,3.03,3.19,3.39,3.66,3.54,3.47,3.5,3.18,2.67,2.58,3.12
25.5,29.0,4.5811,5.5006,6.6204,7.4621,7.9152,8.2313,8.0686,7.6306,6.9113,5.8109,4.8461,4.2967,6.493,47.53,37.38,28.16,21.86,19.58,20.07,21.72,23.42,27.97,34.56,43.69,50.9,31.39,11.99,14.5,18.67,23.42,27.83,30.54,31.31,31.47,28.54,24.19,18.16,13.49,22.88,2.5,2.7,3.03,3.19,3.39,3.66,3.54,3.47,3.5,3.18,2.67,2.58,3.12
25.5,29.5,4.5811,5.5006,6.6204,7.4621,7.9152,8.2313,8.0686,7.6306,6.9113,5.8109,4.8461,4.2967,6.493,48.45,38.11,28.84,22.41,20.16,20.83,22.59,24.3,29.08,35.35,44.58,51.52,32.18,11.56,14.06,18.16,22.86,27.2,29.77,30.46,30.61,27.83,23.7,17.76,13.13,22.3,2.69,2.9,3.25,3.41,3.61,3.88,3.66,3.63,3.79,3.44,2.95,2.82,3.34
25.5,30.0,4.5881,5.5193,6.6242,7.4791,7.9159,8.219,8.0494,7.6181,6.8978,5.8006,4.8497,4.2982,6.4915,47.92,37.83,28.67,22.46,20.29,21.0,22.59,24.31,29.25,35.25,44.1,50.91,32.04,11.69,14.14,18.2,22.8,27.13,29.68,30.5,30.57,27.82,23.79,17.91,13.28,22.33,2.98,3.14,3.5,3.63,3.83,4.18,3.95,3.95,4.18,3.8,3.31,3.16,3.64
25.5,30.5,4.5881,5.5193,6.6242,7.4791,7.9159,8.219,8.0494,7.6181,6.8978,5.8006,4.8497,4.2982,6.4915,46.37,36.41,27.36,21.25,19.24,20.05,21.83,23.4,27.89,33.46,42.33,49.24,30.73,12.58,15.16,19.32,24.03,28.39,30.92,31.7,31.74,29.0,25.03,18.95,14.2,23.46,2.67,2.86,3.25,3.43,3.63,4.01,3.76,3.81,4.03,3.61,3.07,2.84,3.42
25.5,31.0,4.6409,5.581,6.6871,7.5408,7.9668,8.2903,8.0969,7.6339,6.93,5.8246,4.8986,4.3498,6.5398,49.5,39.01,29.17,22.68,20.51,21.42,23.68,25.28,29.61,35.26,45.0,52.24,32.77,11.11,13.69,17.8,22.45,26.74,29.15,29.78,29.84,27.3,23.54,17.47,12.77,21.84,2.74,2.93,3.24,3.36,3.51,3.86,3.63,3.71,3.84,3.32,2.94,2.84,3.33
25.5,31.5,4.6409,5.581,6.6871,7.5408,7.9668,8.2903,8.0969,7.6339,6.93,5.8246,4.8986,4.3498,6.5398,49.5,39.01,29.17,22.68,20.51,21.42,23.68,25.28,29.61,35.26,45.0,52.24,32.77,11.11,13.69,17.8,22.45,26.74,29.15,29.78,29.84,27.3,23.54,17.47,12.77,21.84,2.74,2.93,3.24,3.36,3.51,3.86,3.63,3.71,3.84,3.32,2.94,2.84,3.33
25.5,32.0,4.5622,5.4816,6.5837,7.4323,7.8456,8.1739,7.961,7.5041,6.8182,5.7266,4.8132,4.2826,6.4351,47.93,37.89,28.02,21.8,19.56,20.24,22.47,24.04,27.91,33.37,43.17,50.3,31.38,11.64,14.23,18.38,23.01,27.34,29.8,30.42,30.43,27.95,24.26,18.11,13.31,22.44,2.66,2.84,3.14,3.24,3.37,3.75,3.62,3.7,3.66,3.02,2.74,2.69,3.2
25.5,32.5,4.5622,5.4816,6.5837,7.4323,7.8456,8.1739,7.961,7.5041,6.8182,5.7266,4.8132,4.2826,6.4351,44.85,35.78,25.9,20.04,17.66,17.89,19.86,21.33,24.77,30.17,39.86,46.6,28.71,13.26,15.9,20.15,24.82,29.3,31.86,32.5,32.46,30.02,26.29,19.95,15.0,24.33,2.44,2.62,2.92,3.07,3.21,3.54,3.43,3.47,3.33,2.68,2.44,2.44,2.97
25.5,33.0,4.5732,5.4835,6.5779,7.398,7.8394,8.1919,7.9706,7.4873,6.8083,5.719,4.8276,4.2821,6.433,45.12,36.1,25.84,19.81,17.16,16.98,18.92,20.22,23.54,29.08,39.84,46.19,28.21,13.76,16.41,20.59,25.21,29.71,32.21,32.87,32.86,30.53,26.93,20.55,15.6,24.81,2.44,2.69,2.9,3.06,3.18,3.44,3.34,3.45,3.24,2.56,2.42,2.44,2.93
25.5,33.5,4.5732,5.4835,6.5779,7.398,7.8394,8.1919,7.9706,7.4873,6.8083,5.719,4.8276,4.2821,6.433,45.7,36.71,26.47,20.22,17.15,16.26,18.1,19.03,22.21,29.37,41.48,46.76,28.26,14.33,16.81,20.89,25.35,29.77,32.4,33.16,33.33,31.13,27.4,21.01,16.21,25.19,2.94,3.17,3.25,3.32,3.41,3.54,3.33,3.46,3.22,2.74,2.79,2.94,3.17
25.5,34.0,4.3306,5.2598,6.3674,7.1194,7.6066,7.9886,7.7652,7.2797,6.6077,5.5277,4.6428,4.0829,6.2179,45.7,36.71,26.47,20.22,17.15,16.26,18.1,19.03,22.21,29.37,41.48,46.76,28.26,14.33,16.81,20.89,25.35,29.77,32.4,33.16,33.33,31.13,27.4,21.01,16.21,25.19,2.94,3.17,3.25,3.32,3.41,3.54,3.33,3.46,3.22,2.74,2.79,2.94,3.17
25.5,34.5,4.3306,5.2598,6.3674,7.1194,7.6066,7.9886,7.7652,7.2797,6.6077,5.5277,4.6428,4.0829,6.2179,51.65,45.12,36.46,28.27,23.45,21.76,21.88,24.16,30.31,41.59,52.03,53.59,35.82,15.05,17.06,20.52,24.55,28.7,31.39,32.99,33.05,30.44,26.6,21.17,16.84,24.9,3.24,3.27,3.42,3.4,3.58,3.87,3.43,3.59,3.59,2.92,2.89,3.16,3.36
26.0,25.0,4.4102,5.3441,6.4565,7.3082,7.8521,8.1814,8.1374,7.6714,6.8947,5.7499,4.6855,4.1177,6.4046,49.38,40.12,30.16,23.29,20.94,20.85,22.67,24.41,28.28,36.37,45.25,53.52,32.92,11.2,13.43,17.71,22.53,26.85,29.77,30.48,30.59,27.99,23.12,17.07,12.49,21.97,2.5,2.64,2.84,3.03,3.09,3.05,2.9,2.75,2.73,2.51,2.22,2.37,2.72
26.0,25.5,4.4102,5.3441,6.4565,7.3082,7.8521,8.1814,8.1374,7.6714,6.8947,5.7499,4.6855,4.1177,6.4046,51.41,41.85,31.49,24.32,21.84,21.88,23.74,25.51,29.78,38.21,47.63,55.99,34.46,10.54,12.74,16.99,21.79,26.12,29.02,29.74,29.89,27.22,22.42,16.38,11.84,21.26,2.42,2.57,2.74,2.9,2.94,2.91,2.77,2.61,2.61,2.41,2.13,2.28,2.61
26.0,26.0,4.4486,5.3808,6.4932,7.3471,7.9099,8.2238,8.1624,7.7038,6.913,5.7912,4.6973,4.1203,6.4366,51.93,42.06,31.69,24.49,21.99,22.12,24.04,25.82,30.27,38.67,48.22,56.37,34.79,10.47,12.71,16.94,21.69,26.05,28.92,29.64,29.82,27.1,22.37,16.37,11.82,21.2,2.45,2.62,2.77,2.91,2.95,2.98,2.86,2.72,2.71,2.5,2.18,2.33,2.66
26.0,26.5,4.4486,5.3808,6.4932,7.3471,7.9099,8.2238,8.1624,7.7038,6.913,5.7912,4.6973,4.1203,6.4366,51.93,42.06,31.69,24.49,21.99,22.12,24.04,25.82,30.27,38.67,48.22,56.37,34.79,10.47,12.71,16.94,21.69,26.05,28.92,29.64,29.82,27.1,22.37,16.37,11.82,21.2,2.45,2.62,2.77,2.91,2.95,2.98,2.86,2.72,2.71,2.5,2.18,2.33,2.66
26.0,27.0,4.4189,5.3494,6.5018,7.4134,7.9248,8.2409,8.1199,7.6613,6.8844,5.7408,4.698,4.1124,6.426,51.32,41.4,31.28,24.24,21.72,21.94,23.8,25.55,30.14,38.23,47.63,55.47,34.38,10.74,13.03,17.23,21.93,26.32,29.18,29.93,30.11,27.34,22.68,16.72,12.17,21.48,2.58,2.75,2.92,3.04,3.1,3.2,3.11,2.98,2.96,2.72,2.36,2.5,2.85
26.0,27.5,4.4189,5.3494,6.5018,7.4134,7.9248,8.2409,8.1199,7.6613,6.8844,5.7408,4.698,4.1124,6.426,50.29,40.45,30.75,23.92,21.34,21.62,23.41,25.15,29.85,37.54,46.73,54.22,33.76,11.21,13.51,17.65,22.32,26.75,29.62,30.41,30.6,27.77,23.16,17.23,12.68,21.95,2.59,2.75,2.95,3.04,3.15,3.31,3.25,3.13,3.1,2.85,2.46,2.56,2.93
26.0,28.0,4.4328,5.3563,6.5141,7.4182,7.9394,8.2567,8.1175,7.6608,6.8832,5.7413,4.7038,4.121,6.4327,49.6,39.78,30.39,23.65,21.01,21.36,23.04,24.85,29.64,36.88,45.97,53.31,33.28,11.54,13.87,17.97,22.64,27.09,29.94,30.79,30.94,28.06,23.57,17.65,13.05,22.3,2.6,2.77,3.05,3.18,3.36,3.56,3.46,3.35,3.38,3.11,2.65,2.64,3.09
26.0,28.5,4.4328,5.3563,6.5141,7.4182,7.9394,8.2567,8.1175,7.6608,6.8832,5.7413,4.7038,4.121,6.4327,50.92,40.71,31.05,24.17,21.46,22.03,23.79,25.65,30.74,37.8,47.22,54.49,34.16,11.2,13.56,17.68,22.36,26.79,29.54,30.34,30.48,27.61,23.26,17.33,12.72,21.94,2.47,2.66,2.98,3.14,3.33,3.54,3.38,3.3,3.36,3.06,2.58,2.53,3.03
26.0,29.0,4.4201,5.3623,6.5376,7.4318,7.9267,8.2632,8.1007,7.6342,6.8554,5.7031,4.7086,4.1254,6.426,50.92,40.71,31.05,24.17,21.46,22.03,23.79,25.65,30.74,37.8,47.22,54.49,34.16,11.2,13.56,17.68,22.36,26.79,29.54,30.34,30.48,27.61,23.26,17.33,12.72,21.94,2.47,2.66,2.98,3.14,3.33,3.54,3.38,3.3,3.36,3.06,2.58,2.53,3.03
26.0,29.5,4.4201,5.3623,6.5376,7.4318,7.9267,8.2632,8.1007,7.6342,6.8554,5.7031,4.7086,4.1254,6.426,51.46,40.98,31.36,24.52,21.92,22.64,24.45,26.3,31.62,38.38,47.73,54.91,34.68,10.98,13.37,17.45,22.07,26.43,29.09,29.86,29.95,27.19,22.98,17.13,12.52,21.62,2.54,2.75,3.07,3.19,3.37,3.57,3.36,3.31,3.44,3.11,2.66,2.61,3.08
26.0,30.0,4.446,5.3885,6.557,7.4477,7.9354,8.281,8.1082,7.6344,6.8666,5.707,4.7208,4.1472,6.4402,51.39,40.91,31.36,24.68,22.23,23.08,24.85,26.7,32.2,38.77,47.8,54.81,34.89,10.97,13.36,17.39,21.92,26.26,28.86,29.71,29.74,26.99,22.89,17.1,12.52,21.51,2.73,2.9,3.24,3.34,3.52,3.82,3.62,3.59,3.76,3.37,2.91,2.84,3.31
26.0,30.5,4.446,5.3885,6.557,7.4477,7.9354,8.281,8.1082,7.6344,6.8666,5.707,4.7208,4.1472,6.4402,50.72,40.29,30.65,24.01,21.64,22.54,24.6,26.35,31.37,37.44,46.57,53.83,34.16,11.26,13.75,17.85,22.46,26.86,29.43,30.21,30.21,27.54,23.54,17.6,12.89,22.0,2.62,2.79,3.19,3.34,3.53,3.91,3.69,3.69,3.88,3.42,2.93,2.77,3.32
26.0,31.0,4.4436,5.364,6.5311,7.4282,7.8766,8.2327,8.0287,7.5475,6.793,5.6683,4.7028,4.1407,6.3998,50.98,40.62,30.65,24.0,21.56,22.43,24.71,26.42,30.99,36.82,46.21,53.71,34.08,10.96,13.49,17.61,22.22,26.62,29.17,29.86,29.83,27.29,23.43,17.46,12.66,21.75,2.51,2.67,3.02,3.18,3.37,3.75,3.57,3.56,3.64,3.12,2.74,2.62,3.15
26.0,31.5,4.4436,5.364,6.5311,7.4282,7.8766,8.2327,8.0287,7.5475,6.793,5.6683,4.7028,4.1407,6.3998,50.98,40.62,30.65,24.0,21.56,22.43,24.71,26.42,30.99,36.82,46.21,53.71,34.08,10.96,13.49,17.61,22.22,26.62,29.17,29.86,29.83,27.29,23.43,17.46,12.66,21.75,2.51,2.67,3.02,3.18,3.37,3.75,3.57,3.56,3.64,3.12,2.74,2.62,3.15
26.0,32.0,4.3918,5.3359,6.4826,7.3594,7.8072,8.185,7.9704,7.4962,6.7584,5.621,4.6812,4.1107,6.3533,47.23,37.87,28.1,21.88,19.41,19.91,21.98,23.64,27.63,33.04,42.06,49.21,30.98,12.35,14.91,19.11,23.78,28.3,30.93,31.61,31.48,28.95,25.17,19.09,14.14,23.36,2.36,2.5,2.83,3.02,3.23,3.6,3.51,3.48,3.39,2.83,2.51,2.43,2.98
26.0,32.5,4.3918,5.3359,6.4826,7.3594,7.8072,8.185,7.9704,7.4962,6.7584,5.621,4.6812,4.1107,6.3533,45.06,36.35,26.66,20.62,18.08,18.23,19.94,21.48,25.28,30.6,39.83,46.45,29.03,13.52,16.16,20.4,25.07,29.62,32.27,32.98,32.87,30.44,26.68,20.39,15.38,24.69,2.23,2.45,2.73,2.92,3.09,3.4,3.27,3.3,3.13,2.52,2.25,2.24,2.8
26.0,33.0,4.3999,5.3244,6.461,7.314,7.7885,8.1977,7.9733,7.4738,6.738,5.597,4.679,4.1172,6.342,43.35,34.87,25.25,19.5,16.95,16.84,18.52,19.85,23.37,28.35,38.15,44.06,27.4,14.57,17.16,21.37,25.95,30.46,33.09,33.8,33.73,31.44,27.78,21.47,16.49,25.65,2.37,2.64,2.84,3.02,3.17,3.4,3.23,3.33,3.09,2.49,2.39,2.39,2.86
26.0,33.5,4.3999,5.3244,6.461,7.314,7.7885,8.1977,7.9733,7.4738,6.738,5.597,4.679,4.1172,6.342,47.13,38.72,28.46,21.82,18.35,17.4,18.97,20.11,23.8,31.39,43.34,48.21,29.78,14.03,16.37,20.39,24.76,29.23,32.06,33.05,33.19,30.88,26.9,20.59,15.88,24.82,2.93,3.09,3.12,3.12,3.21,3.26,2.98,3.08,2.92,2.47,2.65,2.88,2.97
26.0,34.0,4.0706,4.9519,6.0185,6.7764,7.277,7.6229,7.3776,6.919,6.1579,5.1302,4.3294,3.8215,5.8742,47.13,38.72,28.46,21.82,18.35,17.4,18.97,20.11,23.8,31.39,43.34,48.21,29.78,14.03,16.37,20.39,24.76,29.23,32.06,33.05,33.19,30.88,26.9,20.59,15.88,24.82,2.93,3.09,3.12,3.12,3.21,3.26,2.98,3.08,2.92,2.47,2.65,2.88,2.97
26.5,25.0,4.4102,5.3441,6.4565,7.3082,7.8521,8.1814,8.1374,7.6714,6.8947,5.7499,4.6855,4.1177,6.4046,51.85,42.64,32.11,24.68,22.0,21.81,23.51,25.24,29.33,37.78,47.12,55.63,34.46,11.03,13.12,17.42,22.2,26.63,29.71,30.52,30.65,28.04,23.12,17.0,12.39,21.86,2.47,2.6,2.78,2.97,3.01,2.98,2.84,2.69,2.65,2.43,2.17,2.33,2.66
26.5,25.5,4.4102,5.3441,6.4565,7.3082,7.8521,8.1814,8.1374,7.6714,6.8947,5.7499,4.6855,4.1177,6.4046,52.66,43.32,32.86,25.39,22.6,22.58,24.3,25.99,30.41,38.99,48.49,56.82,35.35,10.72,12.8,17.06,21.77,26.21,29.23,30.05,30.23,27.55,22.73,16.67,12.11,21.47,2.44,2.59,2.74,2.89,2.94,2.91,2.78,2.63,2.6,2.4,2.14,2.3,2.61
26.5,26.0,4.4486,5.3808,6.4932,7.3471,7.9099,8.2238,8.1624,7.7038,6.913,5.7912,4.6973,4.1203,6.4366,53.18,43.5,33.06,25.64,22.82,22.95,24.75,26.44,31.11,39.62,49.16,57.25,35.78,10.58,12.73,16.96,21.63,26.07,29.04,29.85,30.05,27.32,22.6,16.59,12.03,21.33,2.48,2.65,2.8,2.95,3.0,3.03,2.9,2.75,2.74,2.54,2.22,2.37,2.7
26.5,26.5,4.4486,5.3808,6.4932,7.3471,7.9099,8.2238,8.1624,7.7038,6.913,5.7912,4.6973,4.1203,6.4366,53.18,43.5,33.06,25.64,22.82,22.95,24.75,26.44,31.11,39.62,49.16,57.25,35.78,10.58,12.73,16.96,21.63,26.07,29.04,29.85,30.05,27.32,22.6,16.59,12.03,21.33,2.48,2.65,2.8,2.95,3.0,3.03,2.9,2.75,2.74,2.54,2.22,2.37,2.7
26.5,27.0,4.4189,5.3494,6.5018,7.4134,7.9248,8.2409,8.1199,7.6613,6.8844,5.7408,4.698,4.1124,6.426,52.83,43.14,33.05,25.74,22.86,23.06,24.89,26.57,31.42,39.7,49.02,56.77,35.74,10.75,12.92,17.07,21.69,26.14,29.08,29.91,30.12,27.35,22.71,16.77,12.24,21.44,2.58,2.74,2.9,3.01,3.08,3.16,3.06,2.92,2.9,2.68,2.36,2.5,2.82
26.5,27.5,4.4189,5.3494,6.5018,7.4134,7.9248,8.2409,8.1199,7.6613,6.8844,5.7408,4.698,4.1124,6.426,51.99,42.32,32.64,25.47,22.5,22.79,24.57,26.31,31.32,39.14,48.32,55.78,35.25,11.14,13.34,17.44,22.05,26.55,29.48,30.34,30.53,27.72,23.15,17.23,12.66,21.84,2.57,2.72,2.91,3.03,3.14,3.26,3.17,3.04,3.02,2.8,2.43,2.53,2.88
26.5,28.0,4.4328,5.3563,6.5141,7.4182,7.9394,8.2567,8.1175,7.6608,6.8832,5.7413,4.7038,4.121,6.4327,51.24,41.64,32.36,25.41,22.33,22.73,24.47,26.31,31.47,38.94,47.93,55.04,34.97,11.46,13.68,17.73,22.3,26.79,29.69,30.59,30.75,27.88,23.39,17.54,12.98,22.1,2.55,2.72,2.95,3.05,3.21,3.35,3.26,3.13,3.14,2.88,2.48,2.53,2.94
26.5,28.5,4.4328,5.3563,6.5141,7.4182,7.9394,8.2567,8.1175,7.6608,6.8832,5.7413,4.7038,4.121,6.4327,52.02,42.02,32.48,25.43,22.41,22.98,24.8,26.72,32.04,39.14,48.35,55.51,35.31,11.28,13.56,17.7,22.32,26.81,29.67,30.49,30.62,27.81,23.44,17.5,12.86,22.04,2.44,2.65,2.94,3.07,3.26,3.42,3.28,3.18,3.22,2.92,2.46,2.45,2.94
26.5,29.0,4.4201,5.3623,6.5376,7.4318,7.9267,8.2632,8.1007,7.6342,6.8554,5.7031,4.7086,4.1254,6.426,52.02,42.02,32.48,25.43,22.41,22.98,24.8,26.72,32.04,39.14,48.35,55.51,35.31,11.28,13.56,17.7,22.32,26.81,29.67,30.49,30.62,27.81,23.44,17.5,12.86,22.04,2.44,2.65,2.94,3.07,3.26,3.42,3.28,3.18,3.22,2.92,2.46,2.45,2.94
26.5,29.5,4.4201,5.3623,6.5376,7.4318,7.9267,8.2632,8.1007,7.6342,6.8554,5.7031,4.7086,4.1254,6.426,52.58,42.4,32.88,25.96,23.1,23.82,25.63,27.58,33.24,40.04,48.91,56.01,36.0,11.0,13.27,17.32,21.85,26.26,29.03,29.91,29.97,27.22,23.0,17.23,12.59,21.59,2.59,2.78,3.11,3.23,3.42,3.61,3.42,3.34,3.48,3.16,2.69,2.66,3.13
26.5,30.0,4.446,5.3885,6.557,7.4477,7.9354,8.281,8.1082,7.6344,6.8666,5.707,4.7208,4.1472,6.4402,52.8,42.52,32.99,26.19,23.44,24.31,26.24,28.2,33.96,40.68,49.45,56.32,36.41,10.96,13.29,17.3,21.79,26.2,28.9,29.8,29.78,27.03,22.86,17.12,12.53,21.5,2.63,2.79,3.14,3.24,3.43,3.71,3.52,3.46,3.61,3.23,2.75,2.71,3.19
26.5,30.5,4.446,5.3885,6.557,7.4477,7.9354,8.281,8.1082,7.6344,6.8666,5.707,4.7208,4.1472,6.4402,51.95,41.77,32.23,25.51,22.9,23.81,26.07,27.95,33.13,39.33,48.12,55.14,35.65,11.16,13.57,17.63,22.17,26.63,29.29,30.08,30.03,27.4,23.33,17.49,12.78,21.83,2.56,2.73,3.14,3.29,3.5,3.87,3.66,3.61,3.75,3.29,2.78,2.67,3.24
26.5,31.0,4.4436,5.364,6.5311,7.4282,7.8766,8.2327,8.0287,7.5475,6.793,5.6683,4.7028,4.1407,6.3998,51.08,41.27,31.45,24.8,22.11,22.82,25.13,26.95,31.56,37.33,45.97,53.41,34.48,11.28,13.74,17.86,22.46,26.99,29.68,30.42,30.29,27.76,23.84,17.95,13.06,22.15,2.35,2.49,2.89,3.11,3.36,3.74,3.54,3.45,3.49,3.0,2.59,2.48,3.04
26.5,31.5,4.4436,5.364,6.5311,7.4282,7.8766,8.2327,8.0287,7.5475,6.793,5.6683,4.7028,4.1407,6.3998,51.08,41.27,31.45,24.8,22.11,22.82,25.13,26.95,31.56,37.33,45.97,53.41,34.48,11.28,13.74,17.86,22.46,26.99,29.68,30.42,30.29,27.76,23.84,17.95,13.06,22.15,2.35,2.49,2.89,3.11,3.36,3.74,3.54,3.45,3.49,3.0,2.59,2.48,3.04
26.5,32.0,4.3918,5.3359,6.4826,7.3594,7.8072,8.185,7.9704,7.4962,6.7584,5.621,4.6812,4.1107,6.3533,45.71,36.92,27.81,21.7,19.15,19.53,21.5,23.2,27.22,32.19,40.16,46.92,30.15,13.17,15.73,19.91,24.56,29.16,31.87,32.53,32.33,29.84,26.17,20.15,15.11,24.25,2.36,2.55,2.91,3.2,3.48,3.83,3.61,3.55,3.51,2.97,2.61,2.48,3.09
26.5,32.5,4.3918,5.3359,6.4826,7.3594,7.8072,8.185,7.9704,7.4962,6.7584,5.621,4.6812,4.1107,6.3533,46.84,38.13,28.68,22.3,19.62,19.81,21.41,23.1,27.49,32.75,41.62,48.11,30.8,12.67,15.19,19.34,23.89,28.41,31.11,31.88,31.78,29.44,25.7,19.54,14.59,23.66,2.49,2.7,3.01,3.21,3.42,3.73,3.47,3.54,3.44,2.83,2.58,2.56,3.08
26.5,33.0,4.3999,5.3244,6.461,7.314,7.7885,8.1977,7.9733,7.4738,6.738,5.597,4.679,4.1172,6.342,44.79,36.32,26.89,20.95,18.38,18.37,19.95,21.55,25.57,30.23,39.65,45.74,29.01,13.55,16.03,20.22,24.69,29.18,31.87,32.63,32.58,30.36,26.64,20.4,15.46,24.5,2.57,2.84,3.11,3.28,3.47,3.71,3.4,3.53,3.36,2.75,2.64,2.65,3.11
26.5,33.5,4.3999,5.3244,6.461,7.314,7.7885,8.1977,7.9733,7.4738,6.738,5.597,4.679,4.1172,6.342,49.23,41.73,32.42,25.59,21.47,20.64,22.02,23.43,27.85,35.0,45.97,50.33,32.94,14.36,16.47,20.21,24.32,28.76,31.61,32.8,32.93,30.59,26.74,20.71,16.18,24.68,3.01,3.11,3.24,3.23,3.37,3.59,3.08,3.3,3.35,2.63,2.76,2.98,3.14
26.5,34.0,4.0706,4.9519,6.0185,6.7764,7.277,7.6229,7.3776,6.919,6.1579,5.1302,4.3294,3.8215,5.8742,49.23,41.73,32.42,25.59,21.47,20.64,22.02,23.43,27.85,35.0,45.97,50.33,32.94,14.36,16.47,20.21,24.32,28.76,31.61,32.8,32.93,30.59,26.74,20.71,16.18,24.68,3.01,3.11,3.24,3.23,3.37,3.59,3.08,3.3,3.35,2.63,2.76,2.98,3.14
27.0,25.0,4.2252,5.1182,6.287,7.1822,7.7338,8.1161,8.0952,7.5924,6.7488,5.5841,4.5022,3.9367,6.2647,53.44,44.31,33.57,25.83,22.9,22.64,24.25,25.89,30.1,38.64,48.11,56.73,35.51,11.07,13.06,17.36,22.05,26.56,29.76,30.65,30.81,28.21,23.31,17.16,12.53,21.92,2.56,2.71,2.87,3.04,3.08,3.06,2.93,2.78,2.72,2.49,2.24,2.42,2.74
27.0,25.5,4.2252,5.1182,6.287,7.1822,7.7338,8.1161,8.0952,7.5924,6.7488,5.5841,4.5022,3.9367,6.2647,54.15,45.0,34.5,26.74,23.68,23.62,25.28,26.86,31.43,40.08,49.62,57.85,36.55,10.8,12.77,17.01,21.65,26.15,29.26,30.15,30.36,27.69,22.9,16.83,12.27,21.53,2.49,2.65,2.81,2.97,3.01,3.0,2.86,2.71,2.67,2.47,2.19,2.36,2.68
27.0,26.0,4.2223,5.1254,6.283,7.2046,7.7462,8.1487,8.0966,7.6022,6.7541,5.597,4.4969,3.9216,6.271,54.73,45.32,34.99,27.32,24.21,24.36,26.16,27.75,32.61,41.23,50.62,58.53,37.3,10.59,12.6,16.76,21.32,25.8,28.84,29.72,29.94,27.25,22.57,16.61,12.07,21.21,2.55,2.71,2.85,2.97,3.02,3.04,2.92,2.76,2.73,2.53,2.25,2.43,2.73
27.0,26.5,4.2223,5.1254,6.283,7.2046,7.7462,8.1487,8.0966,7.6022,6.7541,5.597,4.4969,3.9216,6.271,54.73,45.32,34.99,27.32,24.21,24.36,26.16,27.75,32.61,41.23,50.62,58.53,37.3,10.59,12.6,16.76,21.32,25.8,28.84,29.72,29.94,27.25,22.57,16.61,12.07,21.21,2.55,2.71,2.85,2.97,3.02,3.04,2.92,2.76,2.73,2.53,2.25,2.43,2.73
27.0,27.0,4.2214,5.1442,6.379,7.3142,7.8734,8.2574,8.1557,7.6474,6.7982,5.6124,4.5084,3.9334,6.325,53.78,44.41,34.57,27.08,23.92,24.19,25.98,27.58,32.56,40.79,49.92,57.46,36.84,10.99,13.05,17.15,21.71,26.21,29.21,30.11,30.34,27.6,23.0,17.07,12.52,21.62,2.56,2.72,2.87,2.99,3.05,3.1,3.0,2.85,2.83,2.61,2.32,2.47,2.78
27.0,27.5,4.2214,5.1442,6.379,7.3142,7.8734,8.2574,8.1557,7.6474,6.7982,5.6124,4.5084,3.9334,6.325,53.7,44.29,34.7,27.26,23.92,24.25,26.08,27.81,33.08,40.94,49.92,57.17,36.91,11.08,13.15,17.21,21.75,26.28,29.27,30.18,30.39,27.61,23.11,17.22,12.66,21.7,2.6,2.76,2.93,3.04,3.15,3.23,3.14,2.98,2.98,2.78,2.44,2.56,2.88
27.0,28.0,4.2293,5.1514,6.385,7.3094,7.8866,8.279,8.1586,7.6534,6.8148,5.6191,4.5166,3.9391,6.3331,52.51,43.17,33.92,26.77,23.5,23.89,25.69,27.54,32.86,40.21,48.99,55.9,36.23,11.61,13.71,17.79,22.34,26.87,29.87,30.82,30.99,28.16,23.72,17.82,13.21,22.28,2.45,2.6,2.83,2.95,3.1,3.23,3.17,3.02,3.03,2.78,2.38,2.43,2.83
27.0,28.5,4.2293,5.1514,6.385,7.3094,7.8866,8.279,8.1586,7.6534,6.8148,5.6191,4.5166,3.9391,6.3331,53.06,43.25,33.92,26.83,23.57,24.14,26.09,28.06,33.62,40.59,49.22,56.23,36.53,11.38,13.57,17.69,22.23,26.73,29.68,30.55,30.67,27.91,23.6,17.73,13.04,22.1,2.5,2.71,3.03,3.2,3.4,3.53,3.37,3.26,3.36,3.08,2.57,2.54,3.05
27.0,29.0,4.242,5.171,6.3953,7.3003,7.8794,8.2834,8.1314,7.632,6.7697,5.5649,4.5221,3.9478,6.3242,53.06,43.25,33.92,26.83,23.57,24.14,26.09,28.06,33.62,40.59,49.22,56.23,36.53,11.38,13.57,17.69,22.23,26.73,29.68,30.55,30.67,27.91,23.6,17.73,13.04,22.1,2.5,2.71,3.03,3.2,3.4,3.53,3.37,3.26,3.36,3.08,2.57,2.54,3.05
27.0,29.5,4.242,5.171,6.3953,7.3003,7.8794,8.2834,8.1314,7.632,6.7697,5.5649,4.5221,3.9478,6.3242,53.71,43.93,34.75,27.76,24.51,25.22,27.19,29.27,35.22,42.11,50.34,57.06,37.57,11.1,13.27,17.26,21.7,26.16,29.04,29.97,30.0,27.26,23.03,17.35,12.73,21.61,2.66,2.81,3.13,3.23,3.43,3.6,3.43,3.32,3.47,3.17,2.71,2.71,3.14
27.0,30.0,4.2358,5.1583,6.3636,7.2826,7.8269,8.2308,8.0585,7.5641,6.7318,5.5442,4.5055,3.9355,6.2906,54.03,44.2,34.8,27.89,24.78,25.65,27.81,29.98,35.77,42.48,50.81,57.32,37.95,11.13,13.35,17.35,21.81,26.31,29.11,30.03,29.96,27.26,23.07,17.35,12.74,21.66,2.46,2.59,2.94,3.07,3.29,3.54,3.35,3.24,3.35,3.02,2.57,2.54,3.0
27.0,30.5,4.2358,5.1583,6.3636,7.2826,7.8269,8.2308,8.0585,7.5641,6.7318,5.5442,4.5055,3.9355,6.2906,53.17,43.35,33.88,27.06,24.14,24.99,27.46,29.52,34.66,40.86,49.06,55.96,37.0,11.25,13.57,17.65,22.16,26.7,29.48,30.3,30.2,27.6,23.51,17.7,12.93,21.96,2.35,2.5,2.91,3.11,3.37,3.7,3.48,3.36,3.45,3.04,2.54,2.45,3.03
27.0,31.0,4.2689,5.2234,6.4654,7.3798,7.9046,8.3287,8.1396,7.6325,6.8074,5.6182,4.5773,4.0008,6.3662,49.2,40.16,31.14,24.81,22.06,22.6,24.77,26.61,31.15,36.5,43.94,50.85,33.63,12.5,14.95,19.07,23.66,28.24,31.04,31.86,31.66,29.07,25.17,19.34,14.35,23.44,2.22,2.4,2.83,3.09,3.37,3.74,3.54,3.42,3.42,2.92,2.46,2.32,2.98
27.0,31.5,4.2689,5.2234,6.4654,7.3798,7.9046,8.3287,8.1396,7.6325,6.8074,5.6182,4.5773,4.0008,6.3662,49.2,40.16,31.14,24.81,22.06,22.6,24.77,26.61,31.15,36.5,43.94,50.85,33.63,12.5,14.95,19.07,23.66,28.24,31.04,31.86,31.66,29.07,25.17,19.34,14.35,23.44,2.22,2.4,2.83,3.09,3.37,3.74,3.54,3.42,3.42,2.92,2.46,2.32,2.98
27.0,32.0,4.2674,5.2162,6.455,7.3692,7.8888,8.3827,8.1874,7.6788,6.8498,5.6359,4.6042,4.0097,6.383,50.03,40.72,31.31,24.73,21.94,22.57,24.68,26.62,31.32,36.61,44.57,51.16,33.84,11.49,13.96,18.0,22.48,26.96,29.56,30.27,30.11,27.72,24.12,18.3,13.42,22.24,2.5,2.72,3.08,3.34,3.59,3.89,3.59,3.57,3.59,3.04,2.72,2.64,3.19
27.0,32.5,4.2674,5.2162,6.455,7.3692,7.8888,8.3827,8.1874,7.6788,6.8498,5.6359,4.6042,4.0097,6.383,49.06,40.26,30.96,24.35,21.55,21.8,23.27,25.27,30.42,35.79,44.08,50.35,33.07,11.79,14.2,18.29,22.73,27.21,29.95,30.8,30.68,28.35,24.61,18.62,13.7,22.62,2.67,2.88,3.19,3.34,3.55,3.83,3.56,3.64,3.57,2.94,2.71,2.73,3.22
27.0,33.0,4.201,5.1216,6.3206,7.1412,7.6546,8.1773,7.9558,7.458,6.6581,5.4818,4.4887,3.9223,6.2189,48.4,39.6,30.43,23.96,21.13,21.28,22.51,24.46,29.81,34.91,43.74,49.8,32.48,12.16,14.57,18.62,22.97,27.42,30.16,31.18,31.1,28.75,24.99,18.87,13.98,22.94,2.62,2.86,3.17,3.31,3.51,3.75,3.31,3.43,3.42,2.78,2.63,2.69,3.12
27.0,33.5,4.201,5.1216,6.3206,7.1412,7.6546,8.1773,7.9558,7.458,6.6581,5.4818,4.4887,3.9223,6.2189,54.57,48.98,42.79,36.89,32.6,32.22,33.41,35.29,40.91,46.79,52.75,55.5,42.7,15.47,17.07,20.02,23.41,27.4,29.88,31.22,31.36,29.18,26.09,21.32,17.27,24.17,3.58,3.67,3.95,3.92,4.07,4.68,4.32,4.73,4.83,3.89,3.53,3.61,4.07
27.5,25.0,4.2252,5.1182,6.287,7.1822,7.7338,8.1161,8.0952,7.5924,6.7488,5.5841,4.5022,3.9367,6.2647,54.89,45.97,35.35,27.37,24.18,23.95,25.6,27.18,31.43,39.92,49.35,57.77,36.89,11.17,13.06,17.28,21.88,26.4,29.62,30.54,30.72,28.21,23.4,17.28,12.68,21.9,2.64,2.8,2.95,3.12,3.13,3.11,2.98,2.82,2.76,2.53,2.28,2.5,2.8
27.5,25.5,4.2252,5.1182,6.287,7.1822,7.7338,8.1161,8.0952,7.5924,6.7488,5.5841,4.5022,3.9367,6.2647,55.83,46.8,36.51,28.53,25.23,25.16,26.83,28.41,33.07,41.67,51.05,59.12,38.16,10.8,12.67,16.8,21.35,25.86,29.04,29.99,30.19,27.6,22.89,16.87,12.31,21.4,2.59,2.75,2.9,3.04,3.06,3.05,2.92,2.75,2.71,2.5,2.25,2.47,2.75
27.5,26.0,4.2223,5.1254,6.283,7.2046,7.7462,8.1487,8.0966,7.6022,6.7541,5.597,4.4969,3.9216,6.271,55.27,46.23,36.37,28.62,25.38,25.55,27.32,28.9,33.73,42.12,51.12,58.73,38.26,11.0,12.91,16.98,21.48,25.97,29.09,30.07,30.27,27.63,23.0,17.07,12.52,21.54,2.59,2.75,2.87,2.98,3.01,3.03,2.93,2.76,2.72,2.5,2.26,2.47,2.74
27.5,26.5,4.2223,5.1254,6.283,7.2046,7.7462,8.1487,8.0966,7.6022,6.7541,5.597,4.4969,3.9216,6.271,55.27,46.23,36.37,28.62,25.38,25.55,27.32,28.9,33.73,42.12,51.12,58.73,38.26,11.0,12.91,16.98,21.48,25.97,29.09,30.07,30.27,27.63,23.0,17.07,12.52,21.54,2.59,2.75,2.87,2.98,3.01,3.03,2.93,2.76,2.72,2.5,2.26,2.47,2.74
27.5,27.0,4.2214,5.1442,6.379,7.3142,7.8734,8.2574,8.1557,7.6474,6.7982,5.6124,4.5084,3.9334,6.325,55.06,45.94,36.34,28.6,25.25,25.66,27.47,29.11,34.14,42.26,51.17,58.39,38.26,11.13,13.1,17.15,21.68,26.19,29.25,30.23,30.44,27.74,23.19,17.27,12.7,21.71,2.57,2.74,2.9,3.04,3.1,3.14,3.05,2.86,2.85,2.63,2.33,2.49,2.81
27.5,27.5,4.2214,5.1442,6.379,7.3142,7.8734,8.2574,8.1557,7.6474,6.7982,5.6124,4.5084,3.9334,6.325,55.69,46.43,37.05,29.26,25.72,26.35,28.17,29.96,35.39,43.28,52.04,58.94,39.01,10.96,12.94,16.95,21.44,25.96,28.94,29.93,30.13,27.41,22.99,17.15,12.58,21.49,2.62,2.78,2.97,3.09,3.19,3.25,3.17,2.97,3.0,2.8,2.45,2.58,2.91
27.5,28.0,4.2293,5.1514,6.385,7.3094,7.8866,8.279,8.1586,7.6534,6.8148,5.6191,4.5166,3.9391,6.3331,55.05,45.75,36.62,29.1,25.58,26.03,28.05,30.04,35.56,42.92,51.31,58.05,38.65,11.24,13.27,17.31,21.81,26.33,29.37,30.33,30.48,27.76,23.43,17.59,12.94,21.86,2.53,2.7,2.95,3.11,3.26,3.38,3.3,3.12,3.18,2.94,2.52,2.55,2.96
27.5,28.5,4.2293,5.1514,6.385,7.3094,7.8866,8.279,8.1586,7.6534,6.8148,5.6191,4.5166,3.9391,6.3331,56.05,46.5,37.57,30.01,26.2,26.79,29.0,31.19,37.06,44.21,52.33,59.01,39.64,10.87,12.93,16.89,21.34,25.84,28.83,29.76,29.86,27.17,22.93,17.22,12.57,21.39,2.65,2.83,3.14,3.3,3.48,3.61,3.46,3.31,3.45,3.19,2.71,2.71,3.15
27.5,29.0,4.242,5.171,6.3953,7.3003,7.8794,8.2834,8.1314,7.632,6.7697,5.5649,4.5221,3.9478,6.3242,56.05,46.5,37.57,30.01,26.2,26.79,29.0,31.19,37.06,44.21,52.33,59.01,39.64,10.87,12.93,16.89,21.34,25.84,28.83,29.76,29.86,27.17,22.93,17.22,12.57,21.39,2.65,2.83,3.14,3.3,3.48,3.61,3.46,3.31,3.45,3.19,2.71,2.71,3.15
27.5,29.5,4.242,5.171,6.3953,7.3003,7.8794,8.2834,8.1314,7.632,6.7697,5.5649,4.5221,3.9478,6.3242,55.3,46.12,37.41,30.16,26.47,27.13,29.36,31.68,37.71,44.57,52.23,58.42,39.7,11.15,13.18,17.06,21.46,25.94,28.89,29.89,29.9,27.21,23.01,17.4,12.8,21.53,2.7,2.82,3.1,3.21,3.38,3.55,3.42,3.28,3.42,3.14,2.7,2.74,3.12
27.5,30.0,4.2358,5.1583,6.3636,7.2826,7.8269,8.2308,8.0585,7.5641,6.7318,5.5442,4.5055,3.9355,6.2906,54.98,45.74,36.64,29.69,26.14,26.89,29.29,31.68,37.31,43.85,51.34,57.75,39.26,11.38,13.49,17.49,21.95,26.52,29.45,30.4,30.31,27.68,23.52,17.82,13.09,21.96,2.34,2.43,2.78,2.98,3.21,3.45,3.25,3.1,3.2,2.93,2.47,2.42,2.88
27.5,30.5,4.2358,5.1583,6.3636,7.2826,7.8269,8.2308,8.0585,7.5641,6.7318,5.5442,4.5055,3.9355,6.2906,53.08,43.91,34.78,28.05,24.88,25.56,28.09,30.31,35.34,41.34,48.54,55.25,37.41,11.78,14.03,18.16,22.67,27.28,30.19,31.11,30.98,28.34,24.24,18.47,13.58,22.61,2.21,2.35,2.78,3.07,3.39,3.71,3.46,3.29,3.35,2.99,2.45,2.31,2.95
27.5,31.0,4.2689,5.2234,6.4654,7.3798,7.9046,8.3287,8.1396,7.6325,6.8074,5.6182,4.5773,4.0008,6.3662,50.94,41.84,33.05,26.48,23.45,24.14,26.43,28.42,33.34,39.03,45.81,52.36,35.43,11.98,14.37,18.4,22.87,27.42,30.17,31.05,30.9,28.34,24.47,18.77,13.84,22.75,2.24,2.45,2.91,3.21,3.52,3.88,3.66,3.53,3.59,3.05,2.52,2.35,3.08
27.5,31.5,4.2689,5.2234,6.4654,7.3798,7.9046,8.3287,8.1396,7.6325,6.8074,5.6182,4.5773,4.0008,6.3662,50.94,41.84,33.05,26.48,23.45,24.14,26.43,28.42,33.34,39.03,45.81,52.36,35.43,11.98,14.37,18.4,22.87,27.42,30.17,31.05,30.9,28.34,24.47,18.77,13.84,22.75,2.24,2.45,2.91,3.21,3.52,3.88,3.66,3.53,3.59,3.05,2.52,2.35,3.08
27.5,32.0,4.2674,5.2162,6.455,7.3692,7.8888,8.3827,8.1874,7.6788,6.8498,5.6359,4.6042,4.0097,6.383,52.4,43.07,33.73,26.85,23.77,24.47,26.56,28.73,34.01,39.56,47.0,53.3,36.1,10.92,13.31,17.31,21.69,26.17,28.8,29.58,29.41,27.03,23.41,17.72,12.87,21.56,2.52,2.73,3.1,3.31,3.55,3.84,3.56,3.52,3.58,3.02,2.71,2.65,3.18
27.5,32.5,4.2674,5.2162,6.455,7.3692,7.8888,8.3827,8.1874,7.6788,6.8498,5.6359,4.6042,4.0097,6.383,51.63,42.68,33.62,26.7,23.64,24.01,25.33,27.68,33.55,39.11,46.8,52.79,35.61,11.03,13.35,17.37,21.7,26.17,28.93,29.93,29.77,27.42,23.69,17.82,12.93,21.71,2.84,3.03,3.35,3.44,3.66,3.95,3.64,3.73,3.74,3.08,2.86,2.91,3.35
27.5,33.0,4.201,5.1216,6.3206,7.1412,7.6546,8.1773,7.9558,7.458,6.6581,5.4818,4.4887,3.9223,6.2189,50.41,42.01,34.03,27.33,24.02,24.65,25.46,28.08,34.89,40.21,47.13,51.79,35.81,12.28,14.56,18.41,22.6,27.02,29.67,31.04,30.87,28.32,24.7,18.85,14.1,22.74,2.96,3.08,3.44,3.54,3.83,4.3,3.83,4.02,4.14,3.24,2.89,2.96,3.52
27.5,33.5,4.201,5.1216,6.3206,7.1412,7.6546,8.1773,7.9558,7.458,6.6581,5.4818,4.4887,3.9223,6.2189,56.52,53.55,51.73,47.95,44.52,44.62,45.68,47.81,52.64,56.18,55.57,56.44,51.09,18.11,19.12,21.24,23.86,27.22,29.42,30.83,31.08,29.34,27.02,23.56,19.99,25.1,4.59,4.6,4.87,4.76,4.85,5.55,5.47,5.98,5.99,5.12,4.44,4.57,5.07
27.5,34.0,4.0934,5.0035,6.2016,7.0152,7.5358,7.9973,7.8058,7.2718,6.5016,5.3208,4.3918,3.827,6.0842,56.52,53.55,51.73,47.95,44.52,44.62,45.68,47.81,52.64,56.18,55.57,56.44,51.09,18.11,19.12,21.24,23.86,27.22,29.42,30.83,31.08,29.34,27.02,23.56,19.99,25.1,4.59,4.6,4.87,4.76,4.85,5.55,5.47,5.98,5.99,5.12,4.44,4.57,5.07
28.0,25.0,4.0968,4.98,6.2316,7.187,7.7402,8.1842,8.1149,7.5756,6.6883,5.4766,4.3452,3.7814,6.205,56.87,48.17,37.87,29.73,26.17,25.81,27.61,29.28,33.59,42.0,51.34,59.44,38.97,11.02,12.81,16.89,21.41,25.91,29.21,30.19,30.35,27.9,23.18,17.13,12.57,21.59,2.7,2.87,3.0,3.16,3.13,3.1,2.98,2.8,2.74,2.51,2.29,2.57,2.82
28.0,25.5,4.0968,4.98,6.2316,7.187,7.7402,8.1842,8.1149,7.5756,6.6883,5.4766,4.3452,3.7814,6.205,57.15,48.35,38.44,30.32,26.86,26.73,28.5,30.28,34.9,43.22,52.3,60.04,39.74,10.91,12.7,16.73,21.21,25.69,28.94,29.98,30.13,27.62,22.98,17.01,12.48,21.4,2.7,2.86,2.98,3.11,3.09,3.08,2.97,2.79,2.74,2.51,2.29,2.57,2.81
28.0,26.0,4.0894,4.9853,6.2498,7.2209,7.7885,8.219,8.1134,7.578,6.7049,5.4809,4.3505,3.7814,6.2184,56.88,48.08,38.53,30.57,27.19,27.35,29.2,31.05,35.82,43.9,52.63,59.92,40.07,11.01,12.84,16.83,21.29,25.76,28.95,30.03,30.19,27.61,23.04,17.14,12.6,21.48,2.65,2.81,2.95,3.07,3.08,3.11,3.02,2.84,2.79,2.55,2.3,2.55,2.81
28.0,26.5,4.0894,4.9853,6.2498,7.2209,7.7885,8.219,8.1134,7.578,6.7049,5.4809,4.3505,3.7814,6.2184,56.88,48.08,38.53,30.57,27.19,27.35,29.2,31.05,35.82,43.9,52.63,59.92,40.07,11.01,12.84,16.83,21.29,25.76,28.95,30.03,30.19,27.61,23.04,17.14,12.6,21.48,2.65,2.81,2.95,3.07,3.08,3.11,3.02,2.84,2.79,2.55,2.3,2.55,2.81
28.0,27.0,4.0706,4.9762,6.2455,7.2418,7.8173,8.2524,8.1485,7.6063,6.7255,5.4785,4.3361,3.7781,6.228,56.89,48.03,38.84,30.98,27.52,28.0,30.01,31.89,36.81,44.73,53.11,59.99,40.55,11.03,12.88,16.82,21.26,25.73,28.81,29.87,30.04,27.44,22.98,17.18,12.63,21.43,2.67,2.83,2.99,3.13,3.16,3.22,3.13,2.91,2.91,2.66,2.37,2.58,2.88
28.0,27.5,4.0706,4.9762,6.2455,7.2418,7.8173,8.2524,8.1485,7.6063,6.7255,5.4785,4.3361,3.7781,6.228,56.84,47.95,39.02,31.3,27.8,28.42,30.65,32.66,37.86,45.54,53.46,59.86,40.93,11.06,12.95,16.87,21.27,25.71,28.72,29.72,29.89,27.29,22.96,17.25,12.7,21.4,2.7,2.87,3.05,3.19,3.25,3.32,3.22,2.99,3.04,2.8,2.46,2.63,2.96
28.0,28.0,4.0598,4.956,6.239,7.2271,7.8228,8.2574,8.1487,7.6123,6.7274,5.4792,4.3286,3.7788,6.2246,56.98,48.07,39.51,31.81,28.15,28.69,31.14,33.42,38.89,46.16,53.78,59.98,41.37,11.04,12.95,16.84,21.23,25.67,28.69,29.65,29.77,27.18,22.96,17.31,12.72,21.37,2.73,2.9,3.13,3.28,3.38,3.48,3.37,3.16,3.26,3.0,2.61,2.71,3.08
28.0,28.5,4.0598,4.956,6.239,7.2271,7.8228,8.2574,8.1487,7.6123,6.7274,5.4792,4.3286,3.7788,6.2246,56.77,48.01,39.85,32.15,28.28,28.86,31.39,33.87,39.55,46.39,53.77,59.67,41.53,11.19,13.11,16.93,21.31,25.78,28.82,29.8,29.87,27.27,23.1,17.49,12.88,21.5,2.74,2.88,3.12,3.27,3.39,3.52,3.4,3.23,3.34,3.08,2.66,2.74,3.12
28.0,29.0,4.0478,4.9663,6.2369,7.2055,7.807,8.2486,8.106,7.5737,6.6806,5.4238,4.3193,3.768,6.2033,56.77,48.01,39.85,32.15,28.28,28.86,31.39,33.87,39.55,46.39,53.77,59.67,41.53,11.19,13.11,16.93,21.31,25.78,28.82,29.8,29.87,27.27,23.1,17.49,12.88,21.5,2.74,2.88,3.12,3.27,3.39,3.52,3.4,3.23,3.34,3.08,2.66,2.74,3.12
28.0,29.5,4.0478,4.9663,6.2369,7.2055,7.807,8.2486,8.106,7.5737,6.6806,5.4238,4.3193,3.768,6.2033,56.74,48.28,40.15,32.66,28.69,29.31,31.9,34.51,40.32,46.91,53.93,59.52,41.9,11.31,13.22,17.0,21.36,25.84,28.87,29.89,29.89,27.29,23.16,17.61,13.0,21.57,2.7,2.79,3.05,3.18,3.32,3.5,3.41,3.24,3.36,3.09,2.66,2.72,3.09
28.0,30.0,4.0243,4.9339,6.1884,7.165,7.7592,8.1943,8.0311,7.4976,6.6254,5.3748,4.3025,3.7382,6.1574,55.58,47.05,38.62,31.58,27.76,28.45,31.06,33.61,39.14,45.42,52.03,57.9,40.67,11.67,13.68,17.61,22.04,26.61,29.61,30.63,30.56,27.95,23.84,18.23,13.44,22.19,2.42,2.52,2.89,3.15,3.41,3.64,3.43,3.28,3.39,3.12,2.62,2.52,3.03
28.0,30.5,4.0243,4.9339,6.1884,7.165,7.7592,8.1943,8.0311,7.4976,6.6254,5.3748,4.3025,3.7382,6.1574,53.93,45.3,36.82,30.17,26.72,27.39,30.08,32.41,37.48,43.44,49.69,55.85,39.09,12.02,14.2,18.23,22.64,27.23,30.17,31.17,31.07,28.45,24.4,18.76,13.85,22.72,2.22,2.35,2.83,3.17,3.53,3.84,3.58,3.42,3.49,3.14,2.52,2.33,3.04
28.0,31.0,4.0723,5.0234,6.3091,7.2965,7.9003,8.3604,8.1838,7.6375,6.756,5.4962,4.4009,3.8179,6.2758,53.59,44.61,36.13,29.45,26.03,26.7,29.17,31.35,36.63,42.61,48.67,54.9,38.31,11.56,13.86,17.79,22.13,26.65,29.43,30.38,30.25,27.75,23.89,18.32,13.42,22.15,2.27,2.45,2.94,3.21,3.51,3.84,3.63,3.51,3.58,3.06,2.49,2.36,3.07
28.0,31.5,4.0723,5.0234,6.3091,7.2965,7.9003,8.3604,8.1838,7.6375,6.756,5.4962,4.4009,3.8179,6.2758,53.59,44.61,36.13,29.45,26.03,26.7,29.17,31.35,36.63,42.61,48.67,54.9,38.31,11.56,13.86,17.79,22.13,26.65,29.43,30.38,30.25,27.75,23.89,18.32,13.42,22.15,2.27,2.45,2.94,3.21,3.51,3.84,3.63,3.51,3.58,3.06,2.49,2.36,3.07
28.0,32.0,4.008,4.962,6.2666,7.2374,7.8437,8.3587,8.1826,7.644,6.745,5.4811,4.391,3.7598,6.2448,54.71,45.4,36.29,29.27,25.88,26.59,28.64,31.05,36.99,42.71,49.42,55.48,38.52,10.45,12.78,16.7,20.99,25.43,28.08,28.98,28.8,26.41,22.79,17.24,12.39,20.96,2.6,2.8,3.21,3.37,3.6,3.89,3.58,3.52,3.64,3.1,2.74,2.71,3.23
28.0,32.5,4.008,4.962,6.2666,7.2374,7.8437,8.3587,8.1826,7.644,6.745,5.4811,4.391,3.7598,6.2448,54.76,45.93,37.35,30.26,26.84,27.6,28.73,31.74,38.78,44.43,50.69,56.01,39.41,10.26,12.48,16.31,20.48,24.87,27.56,28.78,28.56,26.09,22.5,16.91,12.12,20.61,3.01,3.14,3.49,3.55,3.79,4.12,3.69,3.77,3.94,3.25,2.94,3.07,3.48
28.0,33.0,4.1191,5.0796,6.3264,7.2727,7.8888,8.3899,8.1751,7.6291,6.7327,5.501,4.4566,3.8479,6.2894,51.52,45.16,39.72,33.41,29.53,30.85,31.98,35.38,42.29,47.34,49.87,52.31,40.77,13.92,15.83,19.21,23.01,27.2,29.57,30.94,30.81,28.53,25.3,20.34,15.84,23.41,3.37,3.5,4.23,4.42,4.86,5.74,5.43,5.65,5.81,4.72,3.7,3.46,4.58
28.0,34.0,4.0452,4.9944,6.2527,7.2012,7.8238,8.365,8.1384,7.5852,6.6881,5.4163,4.3745,3.7841,6.227,54.03,50.3,46.96,42.11,39.13,39.51,41.42,43.64,47.49,50.68,51.02,53.29,46.62,16.75,17.94,20.43,23.47,27.04,29.33,30.51,30.74,29.12,26.49,22.53,18.65,24.45,3.78,3.86,4.07,4.0,4.03,4.53,4.51,4.87,4.69,3.93,3.45,3.68,4.12
28.0,34.5,4.0452,4.9944,6.2527,7.2012,7.8238,8.365,8.1384,7.5852,6.6881,5.4163,4.3745,3.7841,6.227,49.39,46.08,43.1,38.04,34.62,33.45,35.3,36.52,39.74,43.52,46.31,48.86,41.23,17.77,19.05,21.74,24.99,28.93,31.65,32.99,33.32,31.46,28.36,23.65,19.62,26.16,3.56,3.57,3.62,3.47,3.44,3.53,3.22,3.27,3.62,3.44,3.52,3.68,3.49
28.5,25.0,4.0968,4.98,6.2316,7.187,7.7402,8.1842,8.1149,7.5756,6.6883,5.4766,4.3452,3.7814,6.205,58.73,50.47,40.59,32.25,28.36,27.81,29.89,31.85,36.07,44.17,53.3,61.02,41.18,10.94,12.63,16.59,21.02,25.51,28.89,29.94,30.06,27.67,23.04,17.06,12.54,21.36,2.78,2.94,3.05,3.17,3.11,3.07,2.97,2.79,2.72,2.47,2.3,2.64,2.83
28.5,25.5,4.0968,4.98,6.2316,7.187,7.7402,8.1842,8.1149,7.5756,6.6883,5.4766,4.3452,3.7814,6.205,58.67,50.34,41.0,32.75,28.98,28.58,30.55,32.77,37.22,45.17,53.92,61.22,41.74,10.98,12.68,16.6,20.97,25.44,28.8,29.91,30.01,27.58,23.02,17.1,12.6,21.35,2.77,2.93,3.03,3.14,3.1,3.08,2.98,2.8,2.74,2.5,2.31,2.64,2.83
28.5,26.0,4.0894,4.9853,6.2498,7.2209,7.7885,8.219,8.1134,7.578,6.7049,5.4809,4.3505,3.7814,6.2184,58.54,50.3,41.25,33.21,29.5,29.52,31.47,33.81,38.33,46.04,54.31,61.2,42.27,11.08,12.8,16.68,21.04,25.5,28.78,29.97,30.08,27.58,23.1,17.26,12.73,21.42,2.73,2.86,2.97,3.07,3.05,3.08,2.99,2.81,2.76,2.51,2.29,2.61,2.81
28.5,26.5,4.0894,4.9853,6.2498,7.2209,7.7885,8.219,8.1134,7.578,6.7049,5.4809,4.3505,3.7814,6.2184,58.54,50.3,41.25,33.21,29.5,29.52,31.47,33.81,38.33,46.04,54.31,61.2,42.27,11.08,12.8,16.68,21.04,25.5,28.78,29.97,30.08,27.58,23.1,17.26,12.73,21.42,2.73,2.86,2.97,3.07,3.05,3.08,2.99,2.81,2.76,2.51,2.29,2.61,2.81
28.5,27.0,4.0706,4.9762,6.2455,7.2418,7.8173,8.2524,8.1485,7.6063,6.7255,5.4785,4.3361,3.7781,6.228,58.07,49.78,41.29,33.71,30.15,30.49,32.64,34.94,39.41,46.89,54.55,61.01,42.73,11.25,13.0,16.81,21.1,25.51,28.68,29.85,30.0,27.48,23.11,17.42,12.88,21.46,2.71,2.84,2.96,3.05,3.05,3.11,3.03,2.82,2.8,2.54,2.28,2.58,2.81
28.5,27.5,4.0706,4.9762,6.2455,7.2418,7.8173,8.2524,8.1485,7.6063,6.7255,5.4785,4.3361,3.7781,6.228,57.81,49.6,41.66,34.23,30.77,31.29,33.69,36.05,40.74,48.03,55.04,60.91,43.31,11.3,13.07,16.84,21.09,25.45,28.53,29.64,29.79,27.28,23.04,17.46,12.92,21.41,2.72,2.89,3.02,3.13,3.16,3.21,3.12,2.88,2.93,2.67,2.35,2.61,2.89
28.5,28.0,4.0598,4.956,6.239,7.2271,7.8228,8.2574,8.1487,7.6123,6.7274,5.4792,4.3286,3.7788,6.2246,59.43,51.09,43.17,35.37,31.64,32.25,35.09,37.77,42.89,49.95,56.7,62.33,44.79,10.84,12.63,16.37,20.65,25.0,28.05,29.07,29.17,26.7,22.57,17.07,12.52,20.92,2.76,2.92,3.11,3.23,3.28,3.36,3.26,3.04,3.12,2.86,2.5,2.69,3.01
28.5,28.5,4.0598,4.956,6.239,7.2271,7.8228,8.2574,8.1487,7.6123,6.7274,5.4792,4.3286,3.7788,6.2246,58.39,50.28,42.93,35.3,31.46,32.1,34.91,37.74,43.15,49.68,55.94,61.17,44.41,11.19,13.0,16.68,20.96,25.36,28.44,29.52,29.57,27.03,22.94,17.49,12.91,21.29,2.8,2.93,3.15,3.31,3.4,3.55,3.47,3.27,3.34,3.07,2.67,2.78,3.15
28.5,29.0,4.0478,4.9663,6.2369,7.2055,7.807,8.2486,8.106,7.5737,6.6806,5.4238,4.3193,3.768,6.2033,58.39,50.28,42.93,35.3,31.46,32.1,34.91,37.74,43.15,49.68,55.94,61.17,44.41,11.19,13.0,16.68,20.96,25.36,28.44,29.52,29.57,27.03,22.94,17.49,12.91,21.29,2.8,2.93,3.15,3.31,3.4,3.55,3.47,3.27,3.34,3.07,2.67,2.78,3.15
28.5,29.5,4.0478,4.9663,6.2369,7.2055,7.807,8.2486,8.106,7.5737,6.6806,5.4238,4.3193,3.768,6.2033,58.27,50.29,42.68,35.21,31.15,31.87,34.83,37.62,43.09,49.27,55.41,60.62,44.18,11.37,13.22,16.95,21.26,25.71,28.79,29.86,29.87,27.33,23.29,17.83,13.13,21.59,2.73,2.83,3.11,3.28,3.42,3.62,3.54,3.36,3.45,3.18,2.72,2.75,3.17
28.5,30.0,4.0243,4.9339,6.1884,7.165,7.7592,8.1943,8.0311,7.4976,6.6254,5.3748,4.3025,3.7382,6.1574,57.31,49.46,41.74,34.74,30.61,31.44,34.34,37.05,42.56,48.57,54.23,59.39,43.44,11.59,13.51,17.29,21.57,26.09,29.11,30.21,30.17,27.58,23.57,18.16,13.41,21.89,2.56,2.64,3.04,3.32,3.58,3.82,3.61,3.44,3.56,3.31,2.78,2.66,3.19
28.5,30.5,4.0243,4.9339,6.1884,7.165,7.7592,8.1943,8.0311,7.4976,6.6254,5.3748,4.3025,3.7382,6.1574,55.68,47.8,40.09,33.38,29.55,30.25,33.22,35.67,40.68,46.65,52.19,57.66,41.89,12.0,14.05,17.92,22.21,26.76,29.71,30.75,30.68,28.17,24.2,18.69,13.82,22.45,2.25,2.35,2.85,3.2,3.53,3.84,3.6,3.44,3.53,3.2,2.55,2.35,3.06
28.5,31.0,4.0723,5.0234,6.3091,7.2965,7.9003,8.3604,8.1838,7.6375,6.756,5.4962,4.4009,3.8179,6.2758,54.35,46.11,38.16,31.62,27.96,28.52,30.96,33.27,38.84,45.02,50.21,55.73,40.05,11.81,14.0,17.85,22.07,26.56,29.41,30.48,30.37,27.87,24.0,18.52,13.64,22.25,2.36,2.52,3.0,3.26,3.53,3.83,3.64,3.53,3.6,3.1,2.51,2.4,3.11
28.5,31.5,4.0723,5.0234,6.3091,7.2965,7.9003,8.3604,8.1838,7.6375,6.756,5.4962,4.4009,3.8179,6.2758,54.35,46.11,38.16,31.62,27.96,28.52,30.96,33.27,38.84,45.02,50.21,55.73,40.05,11.81,14.0,17.85,22.07,26.56,29.41,30.48,30.37,27.87,24.0,18.52,13.64,22.25,2.36,2.52,3.0,3.26,3.53,3.83,3.64,3.53,3.6,3.1,2.51,2.4,3.11
28.5,32.0,4.008,4.962,6.2666,7.2374,7.8437,8.3587,8.1826,7.644,6.745,5.4811,4.391,3.7598,6.2448,57.11,48.35,39.69,32.59,28.81,29.57,31.5,34.26,41.1,47.26,52.66,58.0,41.72,10.19,12.39,16.16,20.31,24.7,27.38,28.46,28.3,25.84,22.22,16.85,12.09,20.44,2.58,2.77,3.2,3.31,3.51,3.71,3.37,3.32,3.48,3.06,2.66,2.66,3.14
28.5,32.5,4.008,4.962,6.2666,7.2374,7.8437,8.3587,8.1826,7.644,6.745,5.4811,4.391,3.7598,6.2448,57.2,49.25,42.23,35.31,31.62,33.1,34.12,38.02,45.91,51.45,54.84,58.36,44.27,10.49,12.55,16.09,20.01,24.24,26.78,28.21,27.97,25.48,22.11,16.97,12.37,20.31,3.03,3.08,3.44,3.45,3.69,4.05,3.69,3.75,4.0,3.37,2.92,3.05,3.46
28.5,33.5,4.1191,5.0796,6.3264,7.2727,7.8888,8.3899,8.1751,7.6291,6.7327,5.501,4.4566,3.8479,6.2894,50.84,43.4,34.49,27.65,24.28,23.72,25.35,27.33,31.63,36.88,44.21,50.02,34.95,10.0,11.96,15.72,19.84,24.28,27.35,28.46,28.48,26.38,22.43,16.6,11.87,20.32,2.53,2.7,2.97,3.07,3.28,3.5,3.25,3.21,3.14,2.59,2.4,2.49,2.93
28.5,34.0,4.0452,4.9944,6.2527,7.2012,7.8238,8.365,8.1384,7.5852,6.6881,5.4163,4.3745,3.7841,6.227,50.84,43.4,34.49,27.65,24.28,23.72,25.35,27.33,31.63,36.88,44.21,50.02,34.95,10.0,11.96,15.72,19.84,24.28,27.35,28.46,28.48,26.38,22.43,16.6,11.87,20.32,2.53,2.7,2.97,3.07,3.28,3.5,3.25,3.21,3.14,2.59,2.4,2.49,2.93
28.5,34.5,4.0452,4.9944,6.2527,7.2012,7.8238,8.365,8.1384,7.5852,6.6881,5.4163,4.3745,3.7841,6.227,51.42,45.08,39.05,32.25,28.53,28.24,28.91,31.48,36.76,41.04,46.41,50.99,38.33,13.39,15.19,18.54,22.45,26.76,29.54,31.17,31.19,28.88,25.29,19.64,15.13,23.13,3.19,3.35,3.79,3.83,4.03,4.47,3.89,4.07,4.41,3.65,3.36,3.29,3.78
29.0,25.0,3.8129,4.698,6.0168,7.0579,7.6572,8.1583,8.0782,7.4861,6.5474,5.2896,4.1635,3.5395,6.0475,60.55,52.98,43.6,35.08,30.85,30.15,32.48,34.81,38.83,46.42,55.23,62.49,43.6,10.92,12.51,16.38,20.73,25.26,28.73,29.9,29.97,27.61,23.05,17.1,12.6,21.27,2.77,2.93,3.02,3.1,3.03,2.99,2.91,2.73,2.66,2.39,2.25,2.63,2.78
29.0,25.5,3.8129,4.698,6.0168,7.0579,7.6572,8.1583,8.0782,7.4861,6.5474,5.2896,4.1635,3.5395,6.0475,60.11,52.53,43.61,35.25,31.02,30.51,32.64,35.22,39.4,46.88,55.14,62.0,43.67,11.13,12.74,16.59,20.92,25.46,28.92,30.17,30.23,27.81,23.3,17.41,12.87,21.5,2.76,2.91,3.02,3.1,3.03,3.02,2.94,2.77,2.7,2.45,2.28,2.64,2.8
29.0,26.0,3.7776,4.6567,5.9628,7.0056,7.5979,8.1271,8.0414,7.4501,6.5119,5.2411,4.1009,3.5131,6.0041,59.21,51.89,43.51,35.71,31.6,31.39,33.39,36.1,40.33,47.49,55.04,61.29,43.89,11.53,13.15,16.92,21.18,25.67,29.06,30.37,30.47,27.99,23.59,17.83,13.27,21.79,2.77,2.89,3.0,3.07,3.04,3.07,3.0,2.83,2.75,2.51,2.31,2.66,2.83
29.0,26.5,3.7776,4.6567,5.9628,7.0056,7.5979,8.1271,8.0414,7.4501,6.5119,5.2411,4.1009,3.5131,6.0041,59.21,51.89,43.51,35.71,31.6,31.39,33.39,36.1,40.33,47.49,55.04,61.29,43.89,11.53,13.15,16.92,21.18,25.67,29.06,30.37,30.47,27.99,23.59,17.83,13.27,21.79,2.77,2.89,3.0,3.07,3.04,3.07,3.0,2.83,2.75,2.51,2.31,2.66,2.83
29.0,27.0,3.7848,4.6812,5.9537,7.014,7.6682,8.179,8.0971,7.5038,6.5585,5.2726,4.1093,3.5251,6.0343,57.55,50.42,43.09,36.1,32.47,32.34,34.3,36.87,40.83,47.64,54.45,60.09,43.83,12.11,13.74,17.44,21.6,26.01,29.35,30.67,30.82,28.33,24.02,18.38,13.8,22.23,2.68,2.78,2.86,2.92,2.93,3.01,2.96,2.77,2.71,2.45,2.21,2.56,2.74
29.0,27.5,3.7848,4.6812,5.9537,7.014,7.6682,8.179,8.0971,7.5038,6.5585,5.2726,4.1093,3.5251,6.0343,56.93,49.66,43.08,36.34,33.09,33.33,35.51,38.07,42.07,48.7,54.77,59.76,44.27,12.21,13.91,17.58,21.72,26.05,29.28,30.54,30.69,28.23,24.02,18.47,13.89,22.25,2.67,2.83,2.95,3.06,3.09,3.18,3.09,2.91,2.89,2.61,2.26,2.54,2.84
29.0,28.0,3.8239,4.7134,5.9911,7.0486,7.7143,8.2226,8.1492,7.5626,6.6065,5.3095,4.1378,3.5578,6.0754,58.94,51.49,44.73,37.57,34.05,34.72,37.51,40.33,44.77,51.26,56.85,61.67,46.15,11.56,13.28,16.92,21.08,25.41,28.55,29.71,29.82,27.37,23.27,17.86,13.28,21.55,2.78,2.95,3.12,3.26,3.31,3.41,3.31,3.12,3.14,2.85,2.46,2.69,3.03
29.0,28.5,3.8239,4.7134,5.9911,7.0486,7.7143,8.2226,8.1492,7.5626,6.6065,5.3095,4.1378,3.5578,6.0754,60.66,53.16,46.25,38.63,34.84,35.84,39.01,41.99,46.86,52.99,58.48,62.98,47.63,11.16,12.88,16.48,20.68,25.02,28.09,29.23,29.29,26.83,22.83,17.5,12.93,21.11,2.85,2.99,3.22,3.4,3.5,3.66,3.59,3.38,3.41,3.11,2.68,2.81,3.22
29.0,29.0,3.8189,4.7045,6.0326,7.0872,7.7515,8.2682,8.1677,7.5924,6.6118,5.2812,4.1244,3.5518,6.0883,60.66,53.16,46.25,38.63,34.84,35.84,39.01,41.99,46.86,52.99,58.48,62.98,47.63,11.16,12.88,16.48,20.68,25.02,28.09,29.23,29.29,26.83,22.83,17.5,12.93,21.11,2.85,2.99,3.22,3.4,3.5,3.66,3.59,3.38,3.41,3.11,2.68,2.81,3.22
29.0,29.5,3.8189,4.7045,6.0326,7.0872,7.7515,8.2682,8.1677,7.5924,6.6118,5.2812,4.1244,3.5518,6.0883,60.02,52.57,45.66,38.34,34.31,35.53,38.88,41.74,46.77,52.45,57.52,61.92,47.13,11.31,13.1,16.67,20.86,25.24,28.26,29.4,29.42,26.94,23.01,17.77,13.15,21.3,2.93,3.04,3.36,3.58,3.74,3.98,3.91,3.7,3.77,3.45,2.93,2.95,3.45
29.0,30.0,3.7855,4.6687,5.9858,7.0176,7.6944,8.189,8.0546,7.4899,6.5443,5.238,4.0908,3.5177,6.0286,60.0,52.89,46.24,39.18,34.68,35.78,39.16,41.97,47.06,52.67,57.56,61.81,47.41,11.34,13.1,16.63,20.75,25.22,28.22,29.36,29.35,26.89,23.03,17.82,13.19,21.28,2.67,2.71,3.05,3.33,3.54,3.81,3.66,3.46,3.55,3.29,2.8,2.73,3.22
29.0,30.5,3.7855,4.6687,5.9858,7.0176,7.6944,8.189,8.0546,7.4899,6.5443,5.238,4.0908,3.5177,6.0286,58.65,51.63,44.72,37.75,33.36,33.83,36.91,39.32,44.18,50.12,55.36,60.19,45.49,11.96,13.87,17.58,21.79,26.33,29.37,30.49,30.47,28.04,24.13,18.71,13.85,22.25,2.28,2.34,2.77,3.12,3.39,3.68,3.48,3.31,3.37,3.08,2.5,2.33,2.97
29.0,31.0,3.7673,4.6529,6.0185,7.0754,7.7621,8.2956,8.1326,7.5684,6.6103,5.2894,4.1419,3.5525,6.078,55.9,48.39,40.88,34.44,30.39,30.87,33.3,35.75,41.45,47.69,52.23,57.12,42.35,12.05,14.13,17.92,22.05,26.54,29.47,30.65,30.56,28.04,24.19,18.8,13.91,22.4,2.34,2.49,2.95,3.24,3.5,3.75,3.55,3.43,3.5,3.1,2.5,2.37,3.06
29.0,31.5,3.7673,4.6529,6.0185,7.0754,7.7621,8.2956,8.1326,7.5684,6.6103,5.2894,4.1419,3.5525,6.078,55.9,48.39,40.88,34.44,30.39,30.87,33.3,35.75,41.45,47.69,52.23,57.12,42.35,12.05,14.13,17.92,22.05,26.54,29.47,30.65,30.56,28.04,24.19,18.8,13.91,22.4,2.34,2.49,2.95,3.24,3.5,3.75,3.55,3.43,3.5,3.1,2.5,2.37,3.06
29.0,32.0,3.8357,4.7791,6.1066,7.1688,7.8326,8.3414,8.1643,7.5982,6.6295,5.3462,4.2098,3.6007,6.1397,58.75,50.66,42.53,35.62,31.34,32.02,33.72,36.98,44.24,50.55,54.72,59.35,44.19,10.36,12.47,16.16,20.17,24.57,27.36,28.63,28.46,25.94,22.31,17.06,12.31,20.52,2.6,2.75,3.19,3.33,3.52,3.66,3.28,3.2,3.46,3.16,2.7,2.68,3.13
29.0,32.5,3.8357,4.7791,6.1066,7.1688,7.8326,8.3414,8.1643,7.5982,6.6295,5.3462,4.2098,3.6007,6.1397,59.23,54.22,49.96,44.58,41.44,42.94,43.96,47.75,53.99,58.24,58.76,59.91,51.24,12.94,14.46,17.34,20.68,24.52,26.99,28.58,28.6,26.49,23.5,19.1,14.88,21.54,3.27,3.22,3.58,3.57,3.69,4.03,3.78,3.89,4.28,3.87,3.31,3.3,3.65
29.0,33.5,3.8251,4.7686,6.1438,7.2439,7.919,8.5342,8.3393,7.7477,6.7279,5.3844,4.2552,3.6024,6.2131,57.03,49.35,41.73,34.37,30.55,31.26,32.01,35.66,42.27,46.12,51.34,56.63,42.34,8.37,10.3,13.85,17.85,22.19,24.91,26.5,26.37,24.17,20.6,14.9,10.17,18.39,2.79,2.92,3.19,3.24,3.35,3.55,3.13,3.1,3.26,2.78,2.62,2.75,3.05
29.0,34.0,3.8239,4.7772,6.1375,7.1832,7.8583,8.4886,8.2716,7.6886,6.6948,5.3662,4.2598,3.6151,6.1858,57.03,49.35,41.73,34.37,30.55,31.26,32.01,35.66,42.27,46.12,51.34,56.63,42.34,8.37,10.3,13.85,17.85,22.19,24.91,26.5,26.37,24.17,20.6,14.9,10.17,18.39,2.79,2.92,3.19,3.24,3.35,3.55,3.13,3.1,3.26,2.78,2.62,2.75,3.05
29.0,34.5,3.8239,4.7772,6.1375,7.1832,7.8583,8.4886,8.2716,7.6886,6.6948,5.3662,4.2598,3.6151,6.1858,56.68,49.0,42.7,35.18,31.31,32.43,32.82,37.3,44.76,48.29,51.67,56.29,43.18,9.46,11.44,14.93,19.01,23.42,26.02,27.78,27.55,25.16,21.69,15.93,11.2,19.5,2.85,3.0,3.49,3.57,3.79,4.24,3.82,4.0,4.1,3.28,2.83,2.8,3.48
29.5,25.0,3.8129,4.698,6.0168,7.0579,7.6572,8.1583,8.0782,7.4861,6.5474,5.2896,4.1635,3.5395,6.0475,62.12,55.24,45.77,37.12,32.88,32.35,35.18,37.72,41.43,48.08,56.34,63.38,45.61,11.06,12.56,16.41,20.77,25.29,28.8,30.06,30.09,27.76,23.31,17.41,12.83,21.4,2.81,2.98,3.13,3.23,3.17,3.19,3.17,2.97,2.85,2.54,2.34,2.7,2.92
29.5,25.5,3.8129,4.698,6.0168,7.0579,7.6572,8.1583,8.0782,7.4861,6.5474,5.2896,4.1635,3.5395,6.0475,61.82,54.9,45.99,37.48,33.17,32.89,35.55,38.24,42.13,48.84,56.39,62.92,45.83,11.19,12.71,16.51,20.81,25.33,28.8,30.11,30.15,27.77,23.37,17.6,13.03,21.49,2.87,3.04,3.21,3.31,3.27,3.33,3.31,3.09,2.98,2.67,2.44,2.78,3.03
29.5,26.0,3.7776,4.6567,5.9628,7.0056,7.5979,8.1271,8.0414,7.4501,6.5119,5.2411,4.1009,3.5131,6.0041,61.83,55.33,47.66,39.74,35.31,35.0,37.38,40.27,44.36,50.99,57.74,63.24,47.38,11.24,12.72,16.31,20.45,24.9,28.35,29.73,29.83,27.4,23.15,17.58,13.08,21.27,2.94,3.06,3.19,3.25,3.24,3.35,3.36,3.13,3.0,2.72,2.5,2.86,3.05
29.5,26.5,3.7776,4.6567,5.9628,7.0056,7.5979,8.1271,8.0414,7.4501,6.5119,5.2411,4.1009,3.5131,6.0041,61.83,55.33,47.66,39.74,35.31,35.0,37.38,40.27,44.36,50.99,57.74,63.24,47.38,11.24,12.72,16.31,20.45,24.9,28.35,29.73,29.83,27.4,23.15,17.58,13.08,21.27,2.94,3.06,3.19,3.25,3.24,3.35,3.36,3.13,3.0,2.72,2.5,2.86,3.05
29.5,27.0,3.7848,4.6812,5.9537,7.014,7.6682,8.179,8.0971,7.5038,6.5585,5.2726,4.1093,3.5251,6.0343,58.29,52.22,45.73,39.24,35.25,35.02,37.05,39.61,43.27,49.48,55.51,60.28,45.9,12.62,14.14,17.73,21.76,26.17,29.6,30.98,31.14,28.7,24.49,18.98,14.4,22.6,2.74,2.84,2.99,3.09,3.14,3.3,3.34,3.13,2.97,2.67,2.36,2.66,2.94
29.5,27.5,3.7848,4.6812,5.9537,7.014,7.6682,8.179,8.0971,7.5038,6.5585,5.2726,4.1093,3.5251,6.0343,58.68,52.37,46.29,40.11,36.56,36.76,38.82,41.3,44.85,51.03,56.5,60.88,47.0,12.5,14.09,17.71,21.69,26.04,29.36,30.72,30.9,28.49,24.37,18.91,14.29,22.46,2.64,2.82,3.03,3.18,3.24,3.37,3.3,3.15,3.06,2.76,2.34,2.55,2.95
29.5,28.0,3.8239,4.7134,5.9911,7.0486,7.7143,8.2226,8.1492,7.5626,6.6065,5.3095,4.1378,3.5578,6.0754,60.42,54.09,48.21,41.67,38.11,38.97,41.71,44.36,47.99,53.91,58.86,62.68,49.24,11.88,13.46,16.99,20.96,25.26,28.44,29.72,29.87,27.51,23.5,18.21,13.66,21.66,2.8,2.96,3.18,3.34,3.42,3.55,3.46,3.29,3.24,2.94,2.5,2.7,3.11
29.5,28.5,3.8239,4.7134,5.9911,7.0486,7.7143,8.2226,8.1492,7.5626,6.6065,5.3095,4.1378,3.5578,6.0754,62.93,56.66,50.62,43.36,39.62,41.12,44.54,47.38,51.28,56.81,61.59,64.92,51.73,11.22,12.77,16.19,20.22,24.49,27.54,28.77,28.89,26.54,22.66,17.5,13.03,20.85,2.92,3.04,3.26,3.44,3.53,3.66,3.59,3.39,3.38,3.08,2.65,2.84,3.23
29.5,29.0,3.8189,4.7045,6.0326,7.0872,7.7515,8.2682,8.1677,7.5924,6.6118,5.2812,4.1244,3.5518,6.0883,62.93,56.66,50.62,43.36,39.62,41.12,44.54,47.38,51.28,56.81,61.59,64.92,51.73,11.22,12.77,16.19,20.22,24.49,27.54,28.77,28.89,26.54,22.66,17.5,13.03,20.85,2.92,3.04,3.26,3.44,3.53,3.66,3.59,3.39,3.38,3.08,2.65,2.84,3.23
29.5,29.5,3.8189,4.7045,6.0326,7.0872,7.7515,8.2682,8.1677,7.5924,6.6118,5.2812,4.1244,3.5518,6.0883,63.29,57.0,51.57,44.2,40.17,42.03,45.87,48.7,52.6,57.69,61.87,65.02,52.5,11.02,12.59,15.86,19.87,24.14,27.09,28.29,28.38,26.08,22.33,17.31,12.87,20.52,3.02,3.09,3.33,3.53,3.65,3.85,3.8,3.59,3.62,3.3,2.84,2.97,3.38
29.5,30.0,3.7855,4.6687,5.9858,7.0176,7.6944,8.189,8.0546,7.4899,6.5443,5.238,4.0908,3.5177,6.0286,63.2,56.84,51.08,44.03,39.48,40.96,44.91,47.58,51.8,56.94,61.16,64.71,51.88,10.99,12.6,15.92,19.9,24.28,27.26,28.43,28.46,26.16,22.42,17.4,12.88,20.59,2.78,2.82,3.13,3.42,3.62,3.89,3.8,3.55,3.57,3.26,2.81,2.8,3.29
29.5,30.5,3.7855,4.6687,5.9858,7.0176,7.6944,8.189,8.0546,7.4899,6.5443,5.238,4.0908,3.5177,6.0286,60.56,54.27,48.08,41.36,36.81,37.29,40.46,42.8,47.34,52.9,57.56,61.63,48.41,12.08,13.86,17.37,21.38,25.86,28.92,30.14,30.16,27.79,23.99,18.8,14.04,22.07,2.51,2.59,3.03,3.4,3.65,3.93,3.75,3.55,3.59,3.3,2.75,2.57,3.22
29.5,31.0,3.7673,4.6529,6.0185,7.0754,7.7621,8.2956,8.1326,7.5684,6.6103,5.2894,4.1419,3.5525,6.078,58.96,52.34,45.26,38.91,34.51,34.89,37.57,40.11,45.45,51.69,55.54,59.71,46.23,12.04,13.99,17.62,21.58,26.01,29.0,30.26,30.21,27.77,23.95,18.79,13.99,22.14,2.49,2.61,3.14,3.45,3.68,3.86,3.58,3.46,3.61,3.31,2.71,2.54,3.21
29.5,31.5,3.7673,4.6529,6.0185,7.0754,7.7621,8.2956,8.1326,7.5684,6.6103,5.2894,4.1419,3.5525,6.078,58.96,52.34,45.26,38.91,34.51,34.89,37.57,40.11,45.45,51.69,55.54,59.71,46.23,12.04,13.99,17.62,21.58,26.01,29.0,30.26,30.21,27.77,23.95,18.79,13.99,22.14,2.49,2.61,3.14,3.45,3.68,3.86,3.58,3.46,3.61,3.31,2.71,2.54,3.21
29.5,32.0,3.8357,4.7791,6.1066,7.1688,7.8326,8.3414,8.1643,7.5982,6.6295,5.3462,4.2098,3.6007,6.1397,62.78,55.65,48.85,42.32,37.49,37.9,39.28,43.22,50.94,57.63,60.47,63.53,49.99,9.9,11.81,15.18,18.93,23.25,26.17,27.66,27.49,24.91,21.29,16.33,11.82,19.6,2.71,2.79,3.13,3.24,3.36,3.44,3.09,2.98,3.24,3.0,2.59,2.71,3.03
29.5,33.0,3.8251,4.7686,6.1438,7.2439,7.919,8.5342,8.3393,7.7477,6.7279,5.3844,4.2552,3.6024,6.2131,60.07,52.93,46.47,39.61,35.49,36.55,38.14,42.35,49.95,54.03,54.72,58.73,47.4,10.68,12.49,15.76,19.57,23.82,26.43,27.85,27.68,25.44,22.2,17.2,12.62,20.18,2.83,2.96,3.58,3.7,3.86,4.11,3.65,3.77,4.24,3.83,3.2,2.94,3.56
29.5,33.5,3.8251,4.7686,6.1438,7.2439,7.919,8.5342,8.3393,7.7477,6.7279,5.3844,4.2552,3.6024,6.2131,61.13,53.9,47.95,41.21,37.46,39.19,40.1,45.24,53.25,56.71,57.04,60.41,49.45,8.9,10.78,14.14,17.91,22.07,24.55,26.18,25.94,23.71,20.53,15.3,10.71,18.43,2.8,2.88,3.09,3.1,3.12,3.21,2.9,2.92,3.12,2.73,2.49,2.64,2.92
29.5,34.0,3.8239,4.7772,6.1375,7.1832,7.8583,8.4886,8.2716,7.6886,6.6948,5.3662,4.2598,3.6151,6.1858,61.13,53.9,47.95,41.21,37.46,39.19,40.1,45.24,53.25,56.71,57.04,60.41,49.45,8.9,10.78,14.14,17.91,22.07,24.55,26.18,25.94,23.71,20.53,15.3,10.71,18.43,2.8,2.88,3.09,3.1,3.12,3.21,2.9,2.92,3.12,2.73,2.49,2.64,2.92
29.5,34.5,3.8239,4.7772,6.1375,7.1832,7.8583,8.4886,8.2716,7.6886,6.6948,5.3662,4.2598,3.6151,6.1858,60.88,53.72,48.49,41.69,38.08,40.13,41.31,46.6,53.82,56.59,57.1,60.6,49.91,8.87,10.78,14.14,17.98,22.19,24.6,26.25,26.04,23.91,20.73,15.26,10.56,18.48,2.71,2.86,3.2,3.27,3.41,3.7,3.49,3.57,3.6,2.96,2.5,2.54,3.15
30.0,25.0,3.5904,4.4302,5.8099,6.9682,7.6656,8.2054,8.165,7.5384,6.4615,5.1115,3.9689,3.3058,5.9412,64.81,58.65,49.45,40.58,36.6,36.19,39.59,42.21,45.5,51.71,59.13,65.65,49.15,10.67,12.04,15.78,20.09,24.55,28.05,29.37,29.41,27.13,22.76,17.03,12.5,20.82,2.91,3.09,3.24,3.36,3.34,3.45,3.5,3.27,3.09,2.69,2.45,2.8,3.1
30.0,25.5,3.5904,4.4302,5.8099,6.9682,7.6656,8.2054,8.165,7.5384,6.4615,5.1115,3.9689,3.3058,5.9412,64.15,57.9,49.51,41.21,37.01,37.08,40.46,43.12,46.44,52.42,59.16,64.97,49.43,10.84,12.23,15.89,20.08,24.54,27.95,29.27,29.35,27.05,22.78,17.19,12.71,20.86,3.04,3.22,3.38,3.48,3.47,3.63,3.67,3.41,3.23,2.84,2.56,2.94,3.24
30.0,26.0,3.5916,4.4429,5.8421,7.0142,7.7201,8.2582,8.1914,7.5646,6.4994,5.1374,3.9482,3.3046,5.9659,64.31,58.62,51.39,43.97,39.36,39.36,42.3,45.15,48.75,54.67,60.88,65.32,51.15,10.93,12.26,15.7,19.66,24.08,27.5,28.88,29.01,26.68,22.56,17.16,12.8,20.64,3.13,3.24,3.36,3.42,3.43,3.63,3.72,3.44,3.21,2.86,2.6,3.03,3.26
30.0,26.5,3.5916,4.4429,5.8421,7.0142,7.7201,8.2582,8.1914,7.5646,6.4994,5.1374,3.9482,3.3046,5.9659,64.31,58.62,51.39,43.97,39.36,39.36,42.3,45.15,48.75,54.67,60.88,65.32,51.15,10.93,12.26,15.7,19.66,24.08,27.5,28.88,29.01,26.68,22.56,17.16,12.8,20.64,3.13,3.24,3.36,3.42,3.43,3.63,3.72,3.44,3.21,2.86,2.6,3.03,3.26
30.0,27.0,3.569,4.4599,5.8363,7.0039,7.7215,8.2615,8.1761,7.525,6.4762,5.1098,3.8767,3.2921,5.9484,62.07,56.8,50.86,44.7,40.39,40.46,42.92,45.54,48.8,54.39,59.73,63.43,50.83,11.91,13.27,16.64,20.44,24.78,28.18,29.61,29.78,27.47,23.47,18.21,13.8,21.5,2.92,3.04,3.21,3.32,3.37,3.6,3.7,3.44,3.2,2.86,2.54,2.84,3.17
30.0,27.5,3.569,4.4599,5.8363,7.0039,7.7215,8.2615,8.1761,7.525,6.4762,5.1098,3.8767,3.2921,5.9484,60.48,55.27,49.87,44.3,40.41,40.65,42.66,45.04,48.12,53.4,58.05,61.8,49.99,12.73,14.15,17.6,21.35,25.67,29.02,30.49,30.68,28.36,24.43,19.19,14.64,22.4,2.79,2.97,3.22,3.39,3.49,3.66,3.65,3.44,3.27,2.96,2.53,2.71,3.18
30.0,28.0,3.5122,4.3999,5.7977,6.9722,7.7105,8.2819,8.1979,7.5444,6.4992,5.095,3.8446,3.2254,5.9297,62.27,57.1,52.29,46.62,43.03,43.97,46.4,48.67,51.37,56.38,60.61,63.8,52.7,12.23,13.62,16.96,20.68,24.92,28.14,29.58,29.79,27.55,23.73,18.63,14.12,21.7,2.82,2.97,3.19,3.35,3.45,3.6,3.55,3.34,3.25,2.95,2.51,2.71,3.14
30.0,28.5,3.5122,4.3999,5.7977,6.9722,7.7105,8.2819,8.1979,7.5444,6.4992,5.095,3.8446,3.2254,5.9297,64.23,59.36,55.13,48.53,45.08,46.76,49.91,52.27,54.56,59.26,63.36,65.76,55.34,11.84,13.18,16.33,20.15,24.34,27.44,28.83,29.02,26.87,23.16,18.15,13.73,21.12,2.95,3.04,3.22,3.37,3.46,3.57,3.51,3.3,3.28,3.0,2.6,2.84,3.18
30.0,29.0,3.5856,4.4938,5.8522,6.9818,7.6927,8.2399,8.1197,7.4976,6.4968,5.1346,3.8964,3.2957,5.9465,64.23,59.36,55.13,48.53,45.08,46.76,49.91,52.27,54.56,59.26,63.36,65.76,55.34,11.84,13.18,16.33,20.15,24.34,27.44,28.83,29.02,26.87,23.16,18.15,13.73,21.12,2.95,3.04,3.22,3.37,3.46,3.57,3.51,3.3,3.28,3.0,2.6,2.84,3.18
30.0,29.5,3.5856,4.4938,5.8522,6.9818,7.6927,8.2399,8.1197,7.4976,6.4968,5.1346,3.8964,3.2957,5.9465,64.64,59.86,56.21,49.78,46.31,48.58,52.34,54.7,56.8,60.85,63.95,66.01,56.67,11.52,12.85,15.86,19.59,23.73,26.71,28.06,28.22,26.14,22.6,17.81,13.43,20.58,2.95,2.98,3.16,3.33,3.44,3.59,3.55,3.31,3.3,3.03,2.67,2.87,3.18
30.0,30.0,3.4608,4.319,5.6914,6.7894,7.5934,8.1365,8.0138,7.3771,6.432,5.0743,3.8218,3.216,5.8334,64.67,59.6,55.17,48.92,45.1,46.91,51.07,53.34,55.89,60.19,63.48,65.8,55.84,11.32,12.72,15.8,19.54,23.74,26.73,27.99,28.11,26.01,22.45,17.66,13.27,20.48,2.73,2.74,2.96,3.21,3.35,3.5,3.41,3.15,3.15,2.92,2.59,2.71,3.03
30.0,30.5,3.4608,4.319,5.6914,6.7894,7.5934,8.1365,8.0138,7.3771,6.432,5.0743,3.8218,3.216,5.8334,63.37,58.35,53.13,46.76,42.27,42.82,46.14,48.42,52.08,57.19,61.32,64.16,52.99,11.7,13.22,16.5,20.32,24.72,27.86,29.19,29.24,26.99,23.28,18.3,13.71,21.29,2.46,2.49,2.78,3.06,3.25,3.4,3.23,3.0,3.02,2.81,2.46,2.47,2.87
30.0,31.0,3.4531,4.2442,5.5603,6.6005,7.4414,7.9829,7.782,7.1462,6.2998,4.9836,3.7831,3.2042,5.7127,61.38,56.23,50.6,44.5,39.79,39.74,42.34,44.96,49.84,55.72,59.43,62.15,50.54,12.06,13.74,17.09,20.89,25.34,28.53,29.95,29.9,27.48,23.69,18.68,14.03,21.82,2.51,2.54,2.89,3.12,3.28,3.34,3.05,2.88,3.0,2.82,2.49,2.51,2.87
30.0,31.5,3.4531,4.2442,5.5603,6.6005,7.4414,7.9829,7.782,7.1462,6.2998,4.9836,3.7831,3.2042,5.7127,61.38,56.23,50.6,44.5,39.79,39.74,42.34,44.96,49.84,55.72,59.43,62.15,50.54,12.06,13.74,17.09,20.89,25.34,28.53,29.95,29.9,27.48,23.69,18.68,14.03,21.82,2.51,2.54,2.89,3.12,3.28,3.34,3.05,2.88,3.0,2.82,2.49,2.51,2.87
30.0,32.0,3.5263,4.349,5.7098,6.7987,7.645,8.2169,8.041,7.44,6.4056,5.0448,3.8688,3.299,5.8685,63.12,58.12,53.06,47.27,42.3,41.84,42.65,46.48,53.6,60.06,62.56,63.96,52.9,11.03,12.67,15.83,19.45,23.81,26.96,28.66,28.52,25.89,22.21,17.34,12.93,20.48,2.52,2.5,2.71,2.84,2.92,2.92,2.6,2.46,2.61,2.48,2.28,2.46,2.61
30.0,32.5,3.5263,4.349,5.7098,6.7987,7.645,8.2169,8.041,7.44,6.4056,5.0448,3.8688,3.299,5.8685,61.42,57.16,53.51,48.06,44.42,45.53,46.4,50.04,55.8,60.19,60.61,61.92,53.74,12.68,14.16,17.07,20.52,24.6,27.4,29.16,29.14,26.84,23.6,18.95,14.59,21.6,2.67,2.71,3.04,3.16,3.21,3.29,3.03,3.03,3.24,3.02,2.63,2.6,2.97
30.0,33.0,3.6005,4.5034,5.8769,7.0018,7.8247,8.4302,8.2303,7.5914,6.5347,5.1636,3.9811,3.3653,6.0149,64.7,58.73,53.72,47.93,43.91,45.63,47.37,52.37,59.54,63.56,62.53,64.3,55.35,9.7,11.39,14.52,18.01,22.09,24.69,26.31,26.17,23.94,20.82,16.02,11.57,18.8,2.95,3.05,3.39,3.41,3.38,3.34,2.92,2.95,3.29,3.13,2.78,2.82,3.12
30.0,33.5,3.6005,4.5034,5.8769,7.0018,7.8247,8.4302,8.2303,7.5914,6.5347,5.1636,3.9811,3.3653,6.0149,62.35,56.96,52.76,47.05,43.61,45.48,46.66,51.75,58.56,62.05,60.26,61.61,54.08,10.19,11.92,15.13,18.73,22.81,25.39,27.12,26.96,24.71,21.56,16.51,11.99,19.45,2.66,2.72,2.91,2.95,2.97,3.0,2.75,2.76,2.89,2.58,2.31,2.45,2.75
30.0,34.0,3.5525,4.4616,5.8154,6.9617,7.7842,8.4194,8.213,7.5732,6.5227,5.1586,3.9658,3.3518,5.9878,62.35,56.96,52.76,47.05,43.61,45.48,46.66,51.75,58.56,62.05,60.26,61.61,54.08,10.19,11.92,15.13,18.73,22.81,25.39,27.12,26.96,24.71,21.56,16.51,11.99,19.45,2.66,2.72,2.91,2.95,2.97,3.0,2.75,2.76,2.89,2.58,2.31,2.45,2.75
30.0,34.5,3.5525,4.4616,5.8154,6.9617,7.7842,8.4194,8.213,7.5732,6.5227,5.1586,3.9658,3.3518,5.9878,63.03,57.0,51.79,45.64,42.09,44.47,46.19,51.45,57.65,60.17,58.79,61.32,53.29,9.61,11.46,14.92,18.63,22.77,25.24,26.88,26.74,24.68,21.53,16.15,11.44,19.21,2.49,2.62,2.9,2.96,3.07,3.21,3.01,3.05,3.11,2.66,2.31,2.31,2.81
30.5,25.0,3.5904,4.4302,5.8099,6.9682,7.6656,8.2054,8.165,7.5384,6.4615,5.1115,3.9689,3.3058,5.9412,65.55,60.0,52.17,44.1,40.27,40.36,44.16,46.78,49.05,54.46,60.65,66.27,51.96,10.79,12.07,15.59,19.71,24.1,27.49,28.86,28.92,26.79,22.58,17.04,12.64,20.59,3.14,3.31,3.41,3.51,3.5,3.67,3.77,3.52,3.29,2.83,2.58,3.0,3.29
30.5,25.5,3.5904,4.4302,5.8099,6.9682,7.6656,8.2054,8.165,7.5384,6.4615,5.1115,3.9689,3.3058,5.9412,65.74,60.53,53.65,46.14,42.14,42.92,46.93,49.45,51.5,56.48,61.87,66.73,53.66,10.77,12.01,15.35,19.31,23.66,26.91,28.24,28.39,26.31,22.26,16.94,12.61,20.27,3.22,3.38,3.47,3.55,3.56,3.75,3.84,3.56,3.34,2.9,2.62,3.09,3.36
30.5,26.0,3.5916,4.4429,5.8421,7.0142,7.7201,8.2582,8.1914,7.5646,6.4994,5.1374,3.9482,3.3046,5.9659,66.78,62.03,56.05,49.5,45.03,45.7,49.2,51.82,54.14,59.12,64.3,67.9,55.95,10.65,11.82,14.95,18.67,22.95,26.26,27.66,27.85,25.76,21.86,16.71,12.51,19.84,3.24,3.36,3.41,3.47,3.47,3.69,3.82,3.51,3.27,2.87,2.62,3.1,3.32
30.5,26.5,3.5916,4.4429,5.8421,7.0142,7.7201,8.2582,8.1914,7.5646,6.4994,5.1374,3.9482,3.3046,5.9659,66.78,62.03,56.05,49.5,45.03,45.7,49.2,51.82,54.14,59.12,64.3,67.9,55.95,10.65,11.82,14.95,18.67,22.95,26.26,27.66,27.85,25.76,21.86,16.71,12.51,19.84,3.24,3.36,3.41,3.47,3.47,3.69,3.82,3.51,3.27,2.87,2.62,3.1,3.32
30.5,27.0,3.569,4.4599,5.8363,7.0039,7.7215,8.2615,8.1761,7.525,6.4762,5.1098,3.8767,3.2921,5.9484,67.44,63.04,57.43,51.28,46.7,47.2,50.25,53.01,55.49,60.53,65.51,68.59,57.19,10.76,11.88,14.97,18.57,22.78,26.13,27.62,27.81,25.69,21.9,16.88,12.66,19.84,3.12,3.24,3.38,3.51,3.54,3.8,3.94,3.61,3.36,2.96,2.64,3.0,3.34
30.5,27.5,3.569,4.4599,5.8363,7.0039,7.7215,8.2615,8.1761,7.525,6.4762,5.1098,3.8767,3.2921,5.9484,67.05,63.09,59.0,53.57,49.35,49.82,52.15,54.86,57.31,61.99,65.79,68.23,58.51,10.99,12.05,14.99,18.46,22.58,25.89,27.47,27.69,25.59,21.94,17.13,12.93,19.85,3.11,3.23,3.39,3.52,3.59,3.84,3.95,3.61,3.4,3.03,2.69,3.0,3.36
30.5,28.0,3.5122,4.3999,5.7977,6.9722,7.7105,8.2819,8.1979,7.5444,6.4992,5.095,3.8446,3.2254,5.9297,65.94,62.39,59.48,54.85,51.46,52.57,54.75,56.74,58.31,62.1,64.81,66.67,59.17,11.6,12.66,15.51,18.84,22.86,26.06,27.67,27.96,25.96,22.5,17.86,13.62,20.29,3.07,3.17,3.32,3.45,3.53,3.73,3.81,3.49,3.36,3.04,2.69,2.96,3.3
30.5,28.5,3.5122,4.3999,5.7977,6.9722,7.7105,8.2819,8.1979,7.5444,6.4992,5.095,3.8446,3.2254,5.9297,66.13,63.14,61.1,56.82,54.1,55.64,57.94,59.47,60.23,63.38,65.34,66.72,60.84,12.17,13.15,15.78,19.0,22.88,26.01,27.67,28.0,26.16,22.87,18.44,14.21,20.56,3.18,3.23,3.31,3.4,3.45,3.58,3.65,3.37,3.32,3.05,2.76,3.06,3.28
30.5,29.0,3.5856,4.4938,5.8522,6.9818,7.6927,8.2399,8.1197,7.4976,6.4968,5.1346,3.8964,3.2957,5.9465,66.13,63.14,61.1,56.82,54.1,55.64,57.94,59.47,60.23,63.38,65.34,66.72,60.84,12.17,13.15,15.78,19.0,22.88,26.01,27.67,28.0,26.16,22.87,18.44,14.21,20.56,3.18,3.23,3.31,3.4,3.45,3.58,3.65,3.37,3.32,3.05,2.76,3.06,3.28
30.5,29.5,3.5856,4.4938,5.8522,6.9818,7.6927,8.2399,8.1197,7.4976,6.4968,5.1346,3.8964,3.2957,5.9465,67.38,64.2,61.89,57.46,54.91,57.22,60.21,61.7,62.0,64.68,66.4,67.99,62.17,12.05,13.06,15.62,18.8,22.61,25.61,27.17,27.5,25.75,22.62,18.32,14.08,20.3,3.08,3.08,3.16,3.28,3.34,3.44,3.46,3.18,3.16,2.94,2.71,2.99,3.15
30.5,30.0,3.4608,4.319,5.6914,6.7894,7.5934,8.1365,8.0138,7.3771,6.432,5.0743,3.8218,3.216,5.8334,65.44,61.94,58.59,53.64,50.54,52.24,55.59,57.23,58.18,61.47,63.98,65.84,58.72,12.29,13.43,16.22,19.61,23.64,26.7,28.13,28.35,26.46,23.14,18.66,14.33,20.95,2.75,2.74,2.89,3.06,3.16,3.24,3.2,2.94,2.9,2.71,2.49,2.71,2.9
30.5,30.5,3.4608,4.319,5.6914,6.7894,7.5934,8.1365,8.0138,7.3771,6.432,5.0743,3.8218,3.216,5.8334,63.38,59.91,55.67,50.18,46.2,46.47,49.35,51.33,53.75,57.95,61.23,63.58,54.9,12.77,14.06,17.13,20.74,25.02,28.27,29.73,29.81,27.67,24.1,19.38,14.83,22.0,2.51,2.52,2.75,2.97,3.11,3.19,3.06,2.82,2.79,2.61,2.38,2.49,2.77
30.5,31.0,3.4531,4.2442,5.5603,6.6005,7.4414,7.9829,7.782,7.1462,6.2998,4.9836,3.7831,3.2042,5.7127,62.74,59.18,54.19,48.8,44.06,43.73,46.29,48.75,52.35,57.15,60.47,62.91,53.37,12.91,14.31,17.51,21.14,25.61,28.92,30.38,30.34,28.02,24.39,19.62,14.97,22.38,2.43,2.45,2.7,2.89,3.04,3.06,2.8,2.59,2.62,2.51,2.35,2.42,2.66
30.5,31.5,3.4531,4.2442,5.5603,6.6005,7.4414,7.9829,7.782,7.1462,6.2998,4.9836,3.7831,3.2042,5.7127,62.74,59.18,54.19,48.8,44.06,43.73,46.29,48.75,52.35,57.15,60.47,62.91,53.37,12.91,14.31,17.51,21.14,25.61,28.92,30.38,30.34,28.02,24.39,19.62,14.97,22.38,2.43,2.45,2.7,2.89,3.04,3.06,2.8,2.59,2.62,2.51,2.35,2.42,2.66
30.5,32.0,3.5263,4.349,5.7098,6.7987,7.645,8.2169,8.041,7.44,6.4056,5.0448,3.8688,3.299,5.8685,61.72,58.81,54.31,49.44,44.76,43.91,44.58,47.73,53.11,58.33,60.94,62.02,53.28,12.78,14.15,17.33,20.85,25.27,28.54,30.31,30.22,27.7,24.13,19.35,14.8,22.16,2.43,2.4,2.6,2.75,2.86,2.82,2.53,2.39,2.45,2.36,2.23,2.38,2.52
30.5,32.5,3.5263,4.349,5.7098,6.7987,7.645,8.2169,8.041,7.44,6.4056,5.0448,3.8688,3.299,5.8685,62.44,59.36,56.41,51.68,48.42,49.66,50.26,53.43,58.01,61.72,62.34,62.94,56.38,12.36,13.8,16.72,20.05,24.12,27.0,28.88,28.89,26.61,23.44,18.82,14.31,21.28,2.64,2.72,3.01,3.15,3.17,3.1,2.82,2.76,2.89,2.74,2.48,2.52,2.83
30.5,33.0,3.6005,4.5034,5.8769,7.0018,7.8247,8.4302,8.2303,7.5914,6.5347,5.1636,3.9811,3.3653,6.0149,65.12,61.76,59.19,54.79,51.32,53.61,55.09,59.07,63.95,66.77,65.13,64.96,60.06,10.8,12.25,15.04,18.23,22.14,24.77,26.58,26.58,24.5,21.57,17.05,12.69,19.38,2.89,2.94,3.12,3.12,3.05,2.93,2.7,2.66,2.82,2.69,2.52,2.69,2.84
30.5,33.5,3.6005,4.5034,5.8769,7.0018,7.8247,8.4302,8.2303,7.5914,6.5347,5.1636,3.9811,3.3653,6.0149,65.05,62.29,59.41,54.11,50.6,52.66,53.69,57.84,62.61,65.3,63.47,63.72,59.22,10.8,12.24,15.19,18.64,22.69,25.33,27.22,27.2,25.11,22.17,17.27,12.72,19.75,2.66,2.68,2.82,2.9,2.94,2.94,2.79,2.76,2.81,2.54,2.28,2.42,2.71
30.5,34.0,3.5525,4.4616,5.8154,6.9617,7.7842,8.4194,8.213,7.5732,6.5227,5.1586,3.9658,3.3518,5.9878,65.05,62.29,59.41,54.11,50.6,52.66,53.69,57.84,62.61,65.3,63.47,63.72,59.22,10.8,12.24,15.19,18.64,22.69,25.33,27.22,27.2,25.11,22.17,17.27,12.72,19.75,2.66,2.68,2.82,2.9,2.94,2.94,2.79,2.76,2.81,2.54,2.28,2.42,2.71
30.5,34.5,3.5525,4.4616,5.8154,6.9617,7.7842,8.4194,8.213,7.5732,6.5227,5.1586,3.9658,3.3518,5.9878,66.29,62.27,57.71,50.81,47.19,50.13,52.16,57.06,61.71,63.59,61.84,64.03,57.89,10.04,11.69,14.91,18.58,22.65,25.13,26.84,26.8,24.87,21.87,16.66,11.94,19.37,2.51,2.61,2.8,2.88,2.97,2.99,2.8,2.83,2.92,2.61,2.34,2.35,2.72
31.0,25.0,3.0787,3.8882,5.2526,6.4582,7.2053,7.9058,7.902,7.291,6.114,4.6471,3.4651,2.8171,5.509,68.11,63.7,57.98,51.11,47.01,47.15,51.03,53.48,54.36,59.04,63.96,68.64,57.12,10.62,11.72,14.81,18.59,22.85,26.19,27.68,27.83,25.92,21.94,16.7,12.5,19.82,3.32,3.43,3.41,3.48,3.45,3.63,3.78,3.48,3.26,2.83,2.64,3.17,3.32
31.0,25.5,3.0787,3.8882,5.2526,6.4582,7.2053,7.9058,7.902,7.291,6.114,4.6471,3.4651,2.8171,5.509,68.41,64.65,60.29,54.29,50.54,51.55,55.51,57.57,57.58,61.34,65.36,69.09,59.67,10.6,11.62,14.46,18.02,22.14,25.35,26.84,27.09,25.31,21.58,16.6,12.49,19.38,3.4,3.48,3.41,3.44,3.4,3.56,3.7,3.39,3.22,2.82,2.67,3.25,3.31
31.0,26.0,3.0038,3.811,5.2109,6.4337,7.1503,7.782,7.7126,7.1242,6.0461,4.5859,3.3365,2.706,5.4151,68.7,65.41,61.4,55.87,52.02,52.95,56.26,58.26,58.76,62.51,66.59,69.48,60.68,10.86,11.81,14.49,17.89,21.95,25.2,26.77,27.04,25.21,21.6,16.78,12.77,19.4,3.43,3.52,3.44,3.45,3.38,3.54,3.72,3.38,3.21,2.85,2.68,3.26,3.32
31.0,26.5,3.0038,3.811,5.2109,6.4337,7.1503,7.782,7.7126,7.1242,6.0461,4.5859,3.3365,2.706,5.4151,68.7,65.41,61.4,55.87,52.02,52.95,56.26,58.26,58.76,62.51,66.59,69.48,60.68,10.86,11.81,14.49,17.89,21.95,25.2,26.77,27.04,25.21,21.6,16.78,12.77,19.4,3.43,3.52,3.44,3.45,3.38,3.54,3.72,3.38,3.21,2.85,2.68,3.26,3.32
31.0,27.0,2.8949,3.7145,5.046,6.1848,6.9168,7.3951,7.3346,6.7841,5.7797,4.3961,3.2268,2.6472,5.1996,68.71,65.89,62.74,57.95,54.13,55.09,57.78,59.88,60.5,64.02,67.73,69.74,62.0,10.9,11.78,14.35,17.58,21.58,24.8,26.46,26.74,24.92,21.44,16.77,12.81,19.21,3.56,3.64,3.55,3.51,3.41,3.57,3.77,3.42,3.26,2.93,2.77,3.37,3.4
31.0,27.5,2.8949,3.7145,5.046,6.1848,6.9168,7.3951,7.3346,6.7841,5.7797,4.3961,3.2268,2.6472,5.1996,67.94,66.44,64.96,61.41,58.83,59.32,60.62,61.74,62.15,64.9,67.01,68.4,63.64,12.35,12.93,15.07,17.87,21.52,24.78,26.66,27.1,25.43,22.29,18.11,14.33,19.9,4.04,4.05,3.89,3.76,3.59,3.76,4.05,3.7,3.56,3.28,3.18,3.83,3.72
31.0,28.0,2.9297,3.7853,5.1602,6.3336,7.1074,7.6015,7.4726,6.8129,5.881,4.537,3.2923,2.676,5.3052,67.64,67.13,66.9,64.89,63.57,64.62,65.37,65.38,64.64,66.08,66.59,67.59,65.87,13.53,13.89,15.69,18.13,21.52,24.69,26.66,27.25,25.8,23.0,19.23,15.58,20.45,4.1,4.07,3.85,3.68,3.47,3.57,3.87,3.58,3.55,3.35,3.29,3.9,3.69
31.0,28.5,2.9297,3.7853,5.1602,6.3336,7.1074,7.6015,7.4726,6.8129,5.881,4.537,3.2923,2.676,5.3052,69.22,69.07,69.76,68.91,69.2,70.63,71.15,70.37,68.49,69.06,68.44,69.28,69.47,14.42,14.6,16.01,18.09,21.15,24.27,26.33,27.08,25.9,23.41,20.01,16.48,20.68,4.45,4.35,4.09,3.93,3.74,3.84,4.1,3.82,3.82,3.68,3.69,4.28,3.98
31.0,30.0,3.017,3.8494,5.2452,6.383,7.2348,7.7892,7.6846,7.0118,6.0036,4.5972,3.3967,2.742,5.4194,67.71,65.54,63.22,59.87,58.07,59.66,62.02,62.62,61.91,63.84,65.33,67.51,63.11,13.89,14.55,16.67,19.45,23.08,26.15,27.79,28.22,26.68,23.79,19.94,15.99,21.38,3.3,3.28,3.32,3.38,3.35,3.42,3.44,3.19,3.17,3.03,2.94,3.22,3.25
31.0,30.5,3.017,3.8494,5.2452,6.383,7.2348,7.7892,7.6846,7.0118,6.0036,4.5972,3.3967,2.742,5.4194,67.06,64.17,59.77,54.65,51.04,51.39,54.43,56.1,56.99,60.19,62.85,66.32,58.73,13.25,14.26,16.99,20.35,24.5,27.74,29.16,29.28,27.39,24.13,19.85,15.42,21.9,2.71,2.76,2.96,3.16,3.25,3.31,3.18,2.93,2.87,2.72,2.57,2.67,2.92
31.0,31.0,3.0358,3.8203,5.149,6.2642,7.1299,7.7054,7.5432,6.8916,5.8726,4.5,3.3468,2.7581,5.3412,65.73,62.94,58.5,53.86,49.77,49.83,52.25,54.4,56.3,59.81,62.18,65.1,57.54,13.17,14.31,17.15,20.52,24.83,28.05,29.59,29.62,27.53,24.23,19.87,15.34,22.05,2.45,2.49,2.69,2.88,3.02,3.02,2.81,2.58,2.55,2.46,2.36,2.42,2.65
31.0,31.5,3.0358,3.8203,5.149,6.2642,7.1299,7.7054,7.5432,6.8916,5.8726,4.5,3.3468,2.7581,5.3412,65.73,62.94,58.5,53.86,49.77,49.83,52.25,54.4,56.3,59.81,62.18,65.1,57.54,13.17,14.31,17.15,20.52,24.83,28.05,29.59,29.62,27.53,24.23,19.87,15.34,22.05,2.45,2.49,2.69,2.88,3.02,3.02,2.81,2.58,2.55,2.46,2.36,2.42,2.65
31.0,32.0,3.067,3.8568,5.1658,6.3024,7.1491,7.6843,7.4618,6.8892,5.9119,4.5588,3.3806,2.7888,5.3575,64.71,62.9,58.81,54.75,51.01,50.27,51.34,53.45,56.22,59.76,61.72,64.32,57.42,13.56,14.62,17.37,20.54,24.69,27.92,29.68,29.77,27.65,24.54,20.25,15.71,22.23,2.91,2.93,3.14,3.27,3.32,3.27,3.07,2.89,2.9,2.81,2.7,2.81,3.0
31.0,32.5,3.067,3.8568,5.1658,6.3024,7.1491,7.6843,7.4618,6.8892,5.9119,4.5588,3.3806,2.7888,5.3575,66.79,66.31,64.21,61.3,59.63,59.86,59.75,60.81,62.61,64.69,64.93,66.54,63.11,13.72,14.52,16.83,19.55,23.13,26.16,28.2,28.54,26.78,24.1,20.12,15.82,21.49,3.33,3.28,3.38,3.35,3.19,3.06,2.93,2.87,2.98,2.98,2.94,3.19,3.12
31.0,33.0,3.0209,3.8798,5.2198,6.3149,7.1885,7.7748,7.4964,6.929,5.917,4.5602,3.3768,2.771,5.3767,66.78,67.27,67.05,65.47,64.58,65.95,66.64,67.52,68.17,68.45,66.18,66.16,66.69,13.67,14.28,16.21,18.62,21.96,24.79,26.74,27.21,25.84,23.52,19.78,15.76,20.73,3.66,3.58,3.51,3.36,3.11,3.0,2.96,2.9,3.03,3.08,3.11,3.47,3.23
31.0,33.5,3.0209,3.8798,5.2198,6.3149,7.1885,7.7748,7.4964,6.929,5.917,4.5602,3.3768,2.771,5.3767,66.4,66.26,65.75,63.69,62.47,63.85,64.0,65.25,66.19,66.86,64.32,64.83,64.99,13.15,13.98,16.15,18.75,22.2,25.03,27.06,27.47,26.03,23.63,19.49,15.21,20.71,3.16,3.12,3.09,3.02,2.92,2.89,2.84,2.8,2.91,2.82,2.71,2.94,2.93
31.0,34.0,3.0758,3.9307,5.2951,6.39,7.285,7.9102,7.6954,7.0061,5.9906,4.638,3.4673,2.88,5.4701,66.4,66.26,65.75,63.69,62.47,63.85,64.0,65.25,66.19,66.86,64.32,64.83,64.99,13.15,13.98,16.15,18.75,22.2,25.03,27.06,27.47,26.03,23.63,19.49,15.21,20.71,3.16,3.12,3.09,3.02,2.92,2.89,2.84,2.8,2.91,2.82,2.71,2.94,2.93
31.5,25.5,3.0787,3.8882,5.2526,6.4582,7.2053,7.9058,7.902,7.291,6.114,4.6471,3.4651,2.8171,5.509,69.72,68.45,66.89,64.29,63.2,64.7,66.57,66.04,63.47,64.5,66.32,69.45,66.13,13.22,13.6,15.5,18.05,21.42,24.5,26.52,27.13,25.88,22.97,18.91,15.2,20.28,4.27,4.21,3.86,3.68,3.38,3.46,3.78,3.51,3.43,3.2,3.29,4.09,3.68
31.5,26.0,3.0038,3.811,5.2109,6.4337,7.1503,7.782,7.7126,7.1242,6.0461,4.5859,3.3365,2.706,5.4151,69.69,68.95,68.24,66.19,65.59,67.29,68.48,67.81,65.73,66.5,67.66,69.55,67.64,13.61,13.86,15.48,17.81,21.03,24.11,26.19,26.84,25.6,22.86,19.08,15.58,20.2,4.68,4.62,4.22,3.96,3.62,3.68,4.03,3.75,3.65,3.44,3.57,4.45,3.97
31.5,26.5,3.0038,3.811,5.2109,6.4337,7.1503,7.782,7.7126,7.1242,6.0461,4.5859,3.3365,2.706,5.4151,69.69,68.95,68.24,66.19,65.59,67.29,68.48,67.81,65.73,66.5,67.66,69.55,67.64,13.61,13.86,15.48,17.81,21.03,24.11,26.19,26.84,25.6,22.86,19.08,15.58,20.2,4.68,4.62,4.22,3.96,3.62,3.68,4.03,3.75,3.65,3.44,3.57,4.45,3.97
